gene	log2_TE
YAL001C	-0.7444
YAL002W	-0.9811
YAL003W	2.0833
YAL005C	3.0757
YAL007C	0.5774
YAL008W	0.9096
YAL009W	-0.7132
YAL010C	-0.2210
YAL011W	-0.2844
YAL012W	1.8622
YAL013W	0.7800
YAL014C	-0.8384
YAL015C	-0.2699
YAL016W	0.8537
YAL017W	-0.9092
YAL019W	-0.6088
YAL020C	0.3145
YAL021C	-0.2270
YAL022C	-0.4518
YAL023C	0.1043
YAL024C	-0.9566
YAL025C	1.5460
YAL026C	-0.9239
YAL026C-A	0.7811
YAL027W	0.3055
YAL028W	-0.3950
YAL029C	-1.4112
YAL030W	0.2633
YAL031C	-0.2159
YAL032C	-0.1500
YAL033W	0.0244
YAL034C	-1.2340
YAL034W-A	0.4943
YAL035W	0.8747
YAL036C	0.7645
YAL038W	3.5834
YAL039C	0.5496
YAL040C	-0.9465
YAL041W	-0.6625
YAL042W	0.6900
YAL043C	-0.5505
YAL044C	1.4330
YAL044W-A	2.4150
YAL046C	0.2708
YAL047C	-0.3733
YAL048C	-0.0872
YAL049C	0.6866
YAL051W	-0.5895
YAL053W	-0.1234
YAL055W	-0.2428
YAL056W	-1.3497
YAL058W	-0.2991
YAL059W	1.6122
YAL060W	0.4417
YAL061W	-0.0424
YAL062W	-1.4363
YAR002C-A	0.7643
YAR002W	0.4022
YAR003W	-0.7142
YAR007C	0.6352
YAR008W	-0.1860
YAR014C	-0.5287
YAR015W	0.9577
YAR018C	-0.6659
YAR019C	-0.4325
YAR027W	0.2095
YAR028W	0.0923
YAR029W	-0.5375
YAR031W	-0.3591
YAR033W	-0.6114
YAR042W	-0.7854
YBL001C	1.1203
YBL002W	1.9161
YBL003C	1.0969
YBL004W	-1.2140
YBL005W	-1.4588
YBL006C	0.6665
YBL007C	-0.0013
YBL008W	-0.6858
YBL009W	-0.2621
YBL010C	0.1595
YBL011W	-0.5044
YBL013W	-0.4637
YBL014C	-1.4097
YBL015W	0.3398
YBL016W	0.2603
YBL017C	-0.3181
YBL018C	0.1893
YBL019W	-0.5678
YBL020W	-0.9542
YBL021C	0.3377
YBL022C	-0.3467
YBL023C	0.0797
YBL024W	0.6232
YBL025W	0.6024
YBL026W	0.9141
YBL027W	1.9564
YBL028C	1.3907
YBL029C-A	-0.0098
YBL029W	-0.4535
YBL030C	1.5938
YBL031W	-0.4740
YBL032W	0.6776
YBL033C	0.4733
YBL034C	-0.6439
YBL035C	-0.1693
YBL036C	0.9795
YBL037W	-0.5852
YBL038W	0.3591
YBL039C	0.8071
YBL039W-B	0.3726
YBL040C	0.6846
YBL041W	1.1076
YBL042C	-0.2778
YBL045C	0.6100
YBL046W	0.2668
YBL047C	0.2222
YBL049W	-1.2184
YBL050W	1.0218
YBL051C	0.1791
YBL052C	-1.2751
YBL054W	0.0106
YBL055C	-0.6213
YBL056W	-0.2077
YBL057C	0.1313
YBL058W	0.6822
YBL059C-A	0.8002
YBL059W	-0.0126
YBL060W	-0.5679
YBL061C	-0.0278
YBL063W	-0.8654
YBL064C	0.6019
YBL066C	-0.3831
YBL067C	-1.1282
YBL068W	0.2626
YBL069W	1.0524
YBL071W-A	1.0776
YBL072C	1.0020
YBL074C	0.0464
YBL076C	0.5224
YBL078C	0.8441
YBL079W	-1.0362
YBL080C	-0.4890
YBL081W	0.5832
YBL082C	-0.3263
YBL083C	1.7160
YBL084C	-0.6660
YBL085W	-0.6116
YBL086C	0.0749
YBL087C	1.0428
YBL089W	-0.2353
YBL090W	0.5551
YBL091C	0.5657
YBL091C-A	0.1349
YBL092W	2.2220
YBL093C	0.5039
YBL095W	0.1380
YBL097W	-0.4151
YBL098W	-0.0698
YBL099W	1.5686
YBL101C	-0.8405
YBL102W	0.0011
YBL103C	0.0984
YBL104C	-0.9029
YBL105C	-0.6670
YBL106C	-0.9403
YBL107C	-0.0112
YBR001C	-0.5880
YBR002C	-0.1183
YBR003W	-0.4650
YBR004C	-0.2956
YBR005W	-0.3820
YBR006W	0.0632
YBR007C	-0.4894
YBR010W	2.1895
YBR011C	1.8628
YBR012C	-1.4535
YBR013C	-0.3651
YBR014C	0.8301
YBR015C	-0.0598
YBR016W	1.6657
YBR017C	-0.2889
YBR021W	-0.3183
YBR022W	0.5407
YBR023C	-0.7328
YBR024W	0.2089
YBR025C	1.2941
YBR026C	0.6022
YBR028C	-0.5018
YBR029C	0.0149
YBR030W	-0.8456
YBR034C	0.5225
YBR035C	1.1699
YBR036C	0.2174
YBR037C	0.3890
YBR038W	-0.0889
YBR039W	1.0253
YBR041W	-0.4168
YBR042C	-0.4378
YBR043C	-1.3037
YBR044C	-0.9537
YBR046C	0.7648
YBR047W	0.4067
YBR048W	1.5551
YBR049C	0.3138
YBR050C	0.5684
YBR052C	0.8388
YBR053C	0.6369
YBR054W	0.3487
YBR055C	-0.8686
YBR056W	-0.0048
YBR056W-A	1.1197
YBR057C	0.1152
YBR058C	-0.1281
YBR058C-A	1.3324
YBR059C	-0.4665
YBR060C	-0.4295
YBR061C	0.4757
YBR062C	0.3118
YBR065C	-0.4897
YBR066C	0.3779
YBR067C	1.8778
YBR068C	0.0534
YBR069C	-0.1731
YBR070C	-0.4588
YBR071W	0.7453
YBR072W	1.0488
YBR073W	-0.8591
YBR074W	-0.5166
YBR077C	0.1803
YBR078W	1.7885
YBR079C	0.4439
YBR080C	0.3427
YBR081C	-0.8235
YBR082C	2.0139
YBR083W	0.2085
YBR084C-A	1.4518
YBR084W	-0.1569
YBR085C-A	1.2695
YBR085W	0.0304
YBR086C	-0.4499
YBR087W	0.0105
YBR088C	2.9512
YBR089C-A	2.2551
YBR091C	0.3324
YBR092C	0.5778
YBR093C	0.4622
YBR094W	-0.1565
YBR095C	-0.0976
YBR096W	0.3284
YBR097W	-0.9296
YBR098W	-0.0397
YBR101C	0.5455
YBR102C	-0.1651
YBR103W	-0.3689
YBR104W	0.1155
YBR105C	-0.1726
YBR106W	1.1079
YBR107C	-1.2202
YBR108W	-0.0730
YBR109C	1.6203
YBR109W-A	-0.8535
YBR110W	-0.5140
YBR111C	0.7673
YBR111W-A	0.4204
YBR112C	0.3955
YBR114W	-0.5663
YBR115C	0.0424
YBR119W	-0.0307
YBR120C	0.5851
YBR121C	0.8808
YBR122C	0.3211
YBR123C	0.1410
YBR125C	-0.5074
YBR126C	1.0925
YBR126W-A	2.1490
YBR127C	1.1897
YBR128C	-0.1932
YBR129C	-0.6583
YBR130C	-0.2568
YBR131W	-0.2819
YBR132C	-0.4962
YBR133C	-1.0731
YBR135W	0.8422
YBR136W	-1.3491
YBR137W	0.9143
YBR138C	-0.0865
YBR139W	0.2306
YBR140C	-1.6002
YBR141C	0.0872
YBR142W	-0.2099
YBR143C	0.8949
YBR145W	-0.0742
YBR146W	0.0809
YBR147W	0.4248
YBR148W	0.3366
YBR149W	0.6696
YBR150C	-0.8324
YBR151W	-0.0213
YBR152W	-0.1457
YBR153W	-0.6850
YBR154C	1.3176
YBR155W	0.5165
YBR156C	-0.5623
YBR157C	-0.4960
YBR158W	-1.0991
YBR159W	0.5806
YBR160W	0.5714
YBR161W	-0.2261
YBR162C	1.0387
YBR162W-A	1.3167
YBR163W	-1.5202
YBR164C	1.1297
YBR165W	0.2311
YBR166C	0.5009
YBR167C	0.3387
YBR168W	-1.0713
YBR169C	-0.0429
YBR170C	0.1063
YBR171W	0.5244
YBR172C	-0.0131
YBR173C	1.6950
YBR175W	0.1658
YBR176W	0.1973
YBR177C	0.6383
YBR179C	-0.4040
YBR182C	0.2301
YBR183W	-0.7546
YBR184W	0.1992
YBR185C	0.3664
YBR187W	0.1413
YBR188C	0.9692
YBR189W	1.9490
YBR191W	1.7250
YBR192W	-0.1687
YBR193C	0.0350
YBR194W	0.1580
YBR195C	-0.0241
YBR196C	1.6002
YBR197C	-0.4295
YBR198C	-0.1250
YBR199W	-0.0458
YBR200W	-0.1905
YBR201C-A	0.5830
YBR201W	-0.4039
YBR202W	-0.2170
YBR204C	-0.3192
YBR205W	0.4795
YBR207W	-0.0899
YBR208C	-0.8818
YBR210W	-0.0400
YBR211C	-0.0750
YBR212W	0.0596
YBR213W	0.2156
YBR214W	0.3783
YBR215W	0.0765
YBR216C	-0.3154
YBR217W	-0.6700
YBR218C	-0.3662
YBR220C	-0.4793
YBR221C	0.9969
YBR222C	0.3983
YBR223C	0.0926
YBR225W	-0.4958
YBR227C	0.0850
YBR228W	-0.5915
YBR229C	-0.4229
YBR230C	0.8082
YBR230W-A	1.1165
YBR231C	0.2900
YBR233W	1.4048
YBR233W-A	0.5282
YBR234C	0.5970
YBR235W	-1.0751
YBR236C	-0.0874
YBR237W	-0.9054
YBR238C	-0.5740
YBR239C	-0.6620
YBR241C	-0.2345
YBR242W	0.0640
YBR243C	-0.2824
YBR244W	1.1529
YBR245C	0.0326
YBR246W	-0.5960
YBR247C	0.6300
YBR248C	0.6042
YBR249C	1.3482
YBR251W	0.4709
YBR252W	1.0034
YBR253W	-0.4004
YBR254C	0.0607
YBR255C-A	0.0089
YBR255W	-0.7748
YBR256C	-0.2629
YBR257W	0.2863
YBR258C	0.6421
YBR259W	-1.1809
YBR260C	-0.4958
YBR261C	0.5013
YBR262C	0.1305
YBR263W	0.5950
YBR264C	0.1509
YBR265W	0.1146
YBR267W	1.4372
YBR268W	0.9410
YBR269C	1.0168
YBR271W	-0.4535
YBR272C	-0.2045
YBR273C	0.3981
YBR274W	-0.8575
YBR275C	-0.9164
YBR276C	-2.0625
YBR278W	1.2130
YBR279W	0.2548
YBR280C	-0.2787
YBR281C	-0.2603
YBR282W	0.6717
YBR283C	0.5331
YBR286W	0.9293
YBR287W	-0.4283
YBR288C	-0.2765
YBR289W	-0.3095
YBR290W	0.4554
YBR291C	-0.4366
YBR293W	-1.1980
YBR295W	-1.2178
YBR296C	0.1012
YBR297W	-0.4043
YCL001W	0.7723
YCL002C	-1.6149
YCL004W	-0.9224
YCL005W	-0.8059
YCL005W-A	2.4263
YCL008C	-0.4391
YCL009C	0.6547
YCL010C	-0.9807
YCL011C	-0.0544
YCL012C	0.1109
YCL014W	-0.8513
YCL016C	-0.2240
YCL017C	0.3845
YCL024W	-0.4704
YCL025C	-0.0530
YCL026C-A	0.2204
YCL026C-B	1.1602
YCL027W	-0.1061
YCL028W	1.4814
YCL029C	-0.1603
YCL030C	0.6345
YCL031C	0.2533
YCL032W	-0.3015
YCL033C	0.5845
YCL034W	0.1495
YCL035C	1.6991
YCL036W	-0.8921
YCL037C	1.4462
YCL038C	-0.5634
YCL039W	-0.3433
YCL040W	0.7029
YCL042W	4.4301
YCL043C	1.2290
YCL044C	0.3643
YCL045C	0.7215
YCL047C	0.1007
YCL049C	-0.4393
YCL050C	1.5091
YCL051W	-0.7228
YCL052C	-0.2986
YCL054W	0.3295
YCL055W	0.1752
YCL056C	-1.6813
YCL057C-A	1.5250
YCL057W	-0.0876
YCL059C	0.6977
YCL061C	-0.6028
YCL063W	-0.8614
YCL064C	1.2578
YCR002C	0.5817
YCR003W	0.7961
YCR004C	1.1861
YCR005C	0.1638
YCR007C	-0.1415
YCR008W	-1.3836
YCR009C	0.7561
YCR011C	-0.2629
YCR012W	3.2788
YCR015C	-0.2897
YCR016W	0.6330
YCR017C	-0.7142
YCR018C	0.2218
YCR019W	-0.5762
YCR020C-A	0.2396
YCR020W-B	0.7813
YCR021C	-0.4853
YCR023C	-1.2699
YCR024C	-0.3724
YCR024C-A	1.9913
YCR026C	-0.4366
YCR027C	-0.1765
YCR028C	-0.4376
YCR028C-A	1.8281
YCR030C	-0.0556
YCR031C	1.8063
YCR032W	-1.2870
YCR033W	-1.1640
YCR034W	0.4890
YCR035C	0.2772
YCR036W	0.0753
YCR037C	-1.2788
YCR038C	-0.4967
YCR042C	-0.5221
YCR043C	0.4392
YCR044C	-0.5236
YCR046C	0.1780
YCR047C	1.7669
YCR048W	0.3848
YCR051W	0.7681
YCR052W	0.0053
YCR053W	1.1959
YCR054C	-0.0496
YCR057C	-0.2677
YCR059C	-0.6458
YCR060W	0.0975
YCR061W	0.4844
YCR063W	1.4862
YCR065W	-0.4509
YCR066W	-0.1935
YCR067C	-0.2360
YCR068W	-0.7597
YCR069W	-0.0076
YCR071C	0.3563
YCR072C	0.4851
YCR073C	-0.9937
YCR073W-A	0.4372
YCR075C	-0.6855
YCR075W-A	0.6871
YCR076C	0.0749
YCR077C	-0.0067
YCR079W	-1.0673
YCR081W	-0.7134
YCR082W	0.0458
YCR083W	0.2677
YCR084C	-0.0054
YCR086W	0.5217
YCR088W	1.3817
YCR090C	0.3170
YCR091W	-0.3535
YCR092C	-0.5631
YCR093W	-0.7228
YCR094W	-0.1924
YCR095C	-0.5118
YCR097W	0.4449
YCR101C	-0.1131
YCR105W	0.2749
YCR106W	-1.0097
YDL001W	0.0709
YDL002C	0.4766
YDL003W	0.2267
YDL004W	1.0970
YDL005C	-0.1560
YDL006W	0.0641
YDL007W	0.9822
YDL008W	-0.1037
YDL010W	1.8793
YDL012C	1.8742
YDL013W	-0.7532
YDL014W	1.9680
YDL015C	0.7264
YDL017W	0.1646
YDL018C	0.1175
YDL019C	-0.6008
YDL020C	-0.0962
YDL021W	-0.0192
YDL022W	2.0811
YDL025C	-0.4620
YDL027C	0.0748
YDL028C	-0.8171
YDL029W	0.3419
YDL030W	-0.1874
YDL031W	-0.0586
YDL033C	0.0035
YDL035C	-0.6802
YDL036C	-0.5482
YDL040C	0.1299
YDL042C	0.4497
YDL043C	0.7652
YDL044C	-0.2451
YDL045C	-0.0059
YDL045W-A	0.9527
YDL046W	0.8876
YDL047W	0.1824
YDL048C	0.3354
YDL049C	0.2152
YDL051W	1.9228
YDL052C	0.2284
YDL053C	0.7200
YDL054C	-0.0780
YDL055C	1.6631
YDL056W	-0.5253
YDL057W	0.2690
YDL058W	-0.5557
YDL059C	0.0556
YDL060W	0.0398
YDL061C	3.4031
YDL063C	0.2640
YDL064W	1.0161
YDL065C	0.8148
YDL066W	0.6445
YDL067C	1.8266
YDL069C	-0.0664
YDL070W	-0.5253
YDL072C	0.6086
YDL073W	-1.4019
YDL074C	-0.6235
YDL075W	2.0242
YDL076C	0.0412
YDL077C	-0.7574
YDL078C	0.8462
YDL080C	-1.0330
YDL081C	1.9823
YDL082W	1.9037
YDL083C	1.6543
YDL084W	1.0409
YDL085C-A	1.5894
YDL086W	1.4203
YDL087C	-0.1833
YDL088C	-0.4107
YDL089W	-0.5784
YDL090C	-0.3294
YDL091C	-0.3507
YDL092W	0.8845
YDL093W	-0.0976
YDL095W	0.7686
YDL097C	0.7711
YDL098C	-0.3122
YDL099W	0.8702
YDL100C	1.0140
YDL101C	-0.1909
YDL102W	0.0079
YDL103C	0.6615
YDL104C	-0.3092
YDL105W	-0.4321
YDL106C	0.2125
YDL107W	-0.2325
YDL108W	0.0603
YDL110C	0.8869
YDL111C	-0.1183
YDL112W	-0.5107
YDL113C	-0.5659
YDL115C	0.4761
YDL116W	-0.3060
YDL117W	-0.8835
YDL119C	1.3103
YDL120W	0.2887
YDL121C	0.3447
YDL122W	-0.5682
YDL123W	0.1242
YDL124W	0.8859
YDL125C	1.4249
YDL126C	1.1192
YDL127W	-0.2938
YDL128W	0.0140
YDL129W	-0.4946
YDL130W	1.3894
YDL130W-A	1.5918
YDL131W	1.0352
YDL132W	-0.2973
YDL133W	-0.9599
YDL134C	0.1351
YDL135C	1.2095
YDL137W	1.0921
YDL138W	-1.2967
YDL139C	-0.0013
YDL140C	-0.2469
YDL141W	-0.4343
YDL142C	-0.3287
YDL143W	0.3636
YDL144C	-0.0797
YDL145C	-0.0128
YDL146W	-0.9598
YDL147W	0.7564
YDL148C	0.3542
YDL149W	-0.3667
YDL150W	1.1677
YDL153C	1.3308
YDL155W	-0.6178
YDL156W	-0.0576
YDL157C	0.6968
YDL159W	0.4302
YDL160C	1.0584
YDL160C-A	1.1151
YDL161W	0.7054
YDL164C	0.2806
YDL165W	0.5179
YDL166C	1.0678
YDL167C	-0.4844
YDL168W	1.2598
YDL170W	-0.5448
YDL171C	-0.2742
YDL173W	1.5826
YDL174C	-0.5148
YDL175C	0.2315
YDL176W	-0.8665
YDL177C	-0.3141
YDL178W	0.2663
YDL179W	-0.1972
YDL180W	-0.6142
YDL181W	1.1641
YDL182W	0.6948
YDL183C	0.1374
YDL185W	1.1176
YDL188C	-0.0991
YDL189W	-0.3819
YDL190C	-0.1822
YDL192W	0.8812
YDL193W	0.2999
YDL194W	-0.4801
YDL195W	0.2062
YDL197C	-1.3451
YDL198C	0.4874
YDL199C	-0.1937
YDL200C	-0.1318
YDL201W	0.6075
YDL202W	0.3707
YDL203C	-0.6320
YDL204W	-1.0066
YDL205C	-0.0062
YDL206W	-1.0611
YDL207W	-0.3579
YDL208W	1.4131
YDL209C	-0.1494
YDL211C	-0.4441
YDL212W	0.5656
YDL213C	1.0784
YDL215C	-0.3318
YDL216C	-0.4348
YDL217C	0.4935
YDL219W	0.7490
YDL220C	-0.6451
YDL223C	-0.8824
YDL224C	-0.2138
YDL225W	0.5918
YDL226C	0.7020
YDL227C	0.2252
YDL229W	2.9353
YDL230W	-0.1199
YDL232W	1.0556
YDL233W	-0.1180
YDL234C	-0.3197
YDL235C	0.4078
YDL236W	0.8474
YDL237W	-0.2931
YDL238C	-1.0253
YDL240W	-0.9198
YDL241W	0.4424
YDL248W	-0.6359
YDR001C	-0.0626
YDR002W	1.7524
YDR003W	0.0488
YDR004W	-0.8536
YDR005C	-0.1897
YDR006C	-0.5653
YDR007W	0.5752
YDR009W	0.1604
YDR011W	-0.5572
YDR013W	-0.1762
YDR014W	-0.5259
YDR016C	0.2629
YDR017C	-0.7310
YDR019C	0.3686
YDR020C	-0.0727
YDR021W	-0.0588
YDR022C	-0.4362
YDR023W	1.3036
YDR025W	1.6948
YDR026C	-1.1965
YDR027C	-0.6772
YDR028C	-0.5695
YDR030C	-0.1974
YDR031W	0.7174
YDR032C	1.7019
YDR033W	1.3100
YDR034C	-0.8200
YDR034W-B	0.3493
YDR035W	0.8059
YDR036C	-0.0715
YDR037W	1.2283
YDR038C	-0.6310
YDR040C	-1.5852
YDR041W	0.3506
YDR042C	-0.1366
YDR043C	0.0379
YDR044W	0.6746
YDR045C	1.0144
YDR046C	-0.1960
YDR047W	0.0387
YDR049W	0.2208
YDR050C	2.1983
YDR051C	0.3784
YDR052C	0.0820
YDR054C	0.5443
YDR055W	1.0587
YDR056C	0.6906
YDR057W	0.0798
YDR058C	-0.2940
YDR059C	0.3210
YDR060W	-0.0861
YDR061W	-0.5823
YDR062W	-0.2642
YDR063W	0.7919
YDR064W	2.0820
YDR065W	-0.8580
YDR066C	-0.5997
YDR067C	-0.6932
YDR068W	0.3259
YDR069C	-0.6258
YDR070C	-0.0134
YDR071C	1.2663
YDR072C	-0.5303
YDR073W	-1.0057
YDR074W	0.2571
YDR075W	0.0883
YDR076W	-0.8382
YDR077W	2.3690
YDR078C	-0.8891
YDR079C-A	0.8834
YDR079W	0.6760
YDR080W	-0.3609
YDR081C	-0.4413
YDR082W	-0.9499
YDR083W	0.4288
YDR084C	0.3625
YDR085C	-0.6566
YDR086C	1.5637
YDR087C	0.6970
YDR088C	0.1856
YDR089W	-0.4046
YDR090C	-0.2171
YDR091C	0.4795
YDR092W	1.2779
YDR093W	-0.9063
YDR096W	-0.3997
YDR097C	-0.2862
YDR098C	1.3580
YDR099W	1.5353
YDR100W	0.8115
YDR101C	0.2031
YDR103W	-0.6245
YDR104C	-0.6918
YDR105C	-0.5552
YDR106W	0.3349
YDR107C	-0.4920
YDR108W	-0.6840
YDR109C	-0.7429
YDR110W	-0.4407
YDR111C	-0.0425
YDR113C	0.5292
YDR115W	1.1820
YDR116C	0.3882
YDR117C	0.0832
YDR118W	-0.6472
YDR119W	-0.2132
YDR119W-A	0.0839
YDR120C	0.0221
YDR121W	0.5811
YDR122W	-0.7677
YDR123C	-0.0602
YDR125C	-0.4475
YDR126W	-0.1976
YDR127W	0.0196
YDR128W	-1.3287
YDR129C	1.0160
YDR130C	-0.1454
YDR131C	-0.4649
YDR132C	-0.2356
YDR133C	-2.8050
YDR135C	-0.7662
YDR137W	-0.5618
YDR138W	-0.7936
YDR139C	0.6643
YDR140W	-0.3379
YDR141C	-0.8173
YDR142C	-0.5074
YDR143C	-0.3522
YDR144C	-0.1845
YDR145W	0.0521
YDR146C	0.0355
YDR147W	-0.3920
YDR148C	0.6934
YDR150W	-0.4101
YDR151C	0.1912
YDR152W	0.2931
YDR153C	0.5496
YDR154C	3.0863
YDR155C	2.5747
YDR156W	1.3971
YDR158W	1.5812
YDR159W	-1.1537
YDR160W	-1.1500
YDR161W	0.2694
YDR162C	1.0432
YDR163W	1.2817
YDR164C	-0.4316
YDR165W	0.0954
YDR166C	-0.4660
YDR167W	0.8548
YDR168W	0.8209
YDR169C	-0.0844
YDR170C	-0.4793
YDR171W	0.6039
YDR172W	1.0727
YDR173C	-0.2678
YDR174W	0.3831
YDR175C	0.4036
YDR176W	-0.8382
YDR177W	1.1966
YDR178W	1.1352
YDR179C	-0.3408
YDR179W-A	-0.8853
YDR180W	-0.9125
YDR181C	-0.5380
YDR182W	-0.0537
YDR183W	0.3114
YDR184C	-0.0503
YDR185C	-0.4025
YDR186C	-0.9404
YDR188W	1.4490
YDR189W	0.1178
YDR190C	0.7601
YDR191W	-0.0138
YDR192C	1.1303
YDR194C	-0.5739
YDR195W	0.1653
YDR196C	0.1608
YDR197W	-0.5688
YDR198C	-0.2944
YDR200C	-0.2863
YDR201W	0.1240
YDR202C	0.2387
YDR204W	-0.3116
YDR205W	-0.4545
YDR206W	-1.3063
YDR207C	-0.3116
YDR208W	-0.6461
YDR211W	-0.1822
YDR212W	0.6094
YDR213W	-0.6417
YDR214W	0.9339
YDR216W	-0.6498
YDR217C	-0.8063
YDR219C	-0.2787
YDR221W	-0.4672
YDR222W	-0.0597
YDR224C	2.5566
YDR225W	1.3948
YDR226W	1.7575
YDR227W	-0.7627
YDR228C	-0.3990
YDR229W	0.1061
YDR231C	0.7570
YDR232W	0.1284
YDR233C	1.1215
YDR234W	-0.0962
YDR235W	-0.7113
YDR236C	-0.3343
YDR237W	0.0449
YDR238C	0.2792
YDR239C	-0.4952
YDR240C	0.0982
YDR241W	-0.2375
YDR243C	-0.3529
YDR244W	-0.2342
YDR245W	-0.1478
YDR246W	0.2958
YDR247W	-0.3855
YDR248C	-0.2918
YDR249C	-0.6469
YDR251W	-0.7123
YDR252W	0.4023
YDR253C	-0.8792
YDR254W	-0.9173
YDR255C	-1.1425
YDR257C	-0.4176
YDR258C	0.1733
YDR259C	-0.3422
YDR260C	0.3280
YDR261C	-0.3699
YDR262W	-0.2157
YDR264C	-0.4787
YDR265W	-1.0327
YDR266C	-0.1182
YDR267C	0.6601
YDR268W	-0.4773
YDR270W	0.2560
YDR272W	1.0943
YDR273W	0.2849
YDR275W	-2.0870
YDR276C	1.6791
YDR277C	-0.3797
YDR279W	-0.2439
YDR280W	0.6569
YDR281C	0.4036
YDR282C	-0.3891
YDR283C	-1.1465
YDR284C	0.1189
YDR285W	-0.0431
YDR286C	-0.0922
YDR287W	0.0694
YDR288W	-0.6576
YDR289C	0.9381
YDR291W	-1.1376
YDR292C	-0.1902
YDR293C	-0.4286
YDR294C	-0.2313
YDR295C	-0.2836
YDR296W	0.3620
YDR297W	0.2175
YDR298C	0.8357
YDR299W	0.5670
YDR300C	0.2331
YDR301W	-0.9031
YDR302W	0.5150
YDR303C	-0.5932
YDR304C	1.2895
YDR305C	0.0761
YDR306C	-0.5901
YDR307W	-0.3153
YDR308C	0.3696
YDR309C	0.8144
YDR310C	-0.9368
YDR311W	-0.2880
YDR312W	0.2430
YDR313C	-0.6813
YDR314C	-0.9487
YDR315C	-0.6244
YDR316W	-0.3614
YDR317W	-0.2638
YDR318W	-0.5271
YDR319C	-0.2207
YDR320C	0.0048
YDR320C-A	0.9173
YDR321W	0.8846
YDR322C-A	1.8050
YDR322W	0.2248
YDR323C	-0.4742
YDR324C	0.1662
YDR325W	-0.9339
YDR326C	-1.0852
YDR328C	2.1636
YDR329C	-0.3961
YDR330W	0.0408
YDR331W	0.1371
YDR332W	-0.9975
YDR333C	-0.3856
YDR334W	-1.5674
YDR335W	-0.5631
YDR336W	-0.8826
YDR337W	0.3766
YDR338C	-0.4386
YDR339C	0.6270
YDR341C	0.8216
YDR345C	1.0067
YDR346C	0.4212
YDR347W	-0.5868
YDR348C	0.3394
YDR349C	-0.9893
YDR350C	-1.1047
YDR351W	-0.5560
YDR352W	-0.1293
YDR353W	1.5937
YDR354W	0.2743
YDR356W	0.1298
YDR357C	-0.4063
YDR358W	0.2947
YDR359C	-0.8497
YDR361C	0.7392
YDR362C	-0.6174
YDR363W	-0.5460
YDR363W-A	1.5297
YDR364C	-0.9708
YDR365C	-0.1539
YDR367W	-0.3079
YDR368W	1.1562
YDR369C	-0.3492
YDR370C	-0.9644
YDR371W	-0.2933
YDR372C	0.0778
YDR373W	0.3784
YDR374W-A	-0.1429
YDR375C	-0.4917
YDR376W	-0.4428
YDR377W	1.1655
YDR378C	0.7801
YDR379C-A	0.4420
YDR379W	-0.6740
YDR380W	-0.2670
YDR381C-A	0.0779
YDR381W	1.5616
YDR382W	1.9074
YDR383C	-0.4862
YDR384C	1.1069
YDR386W	-0.2481
YDR387C	-1.0952
YDR388W	0.5300
YDR389W	-0.7914
YDR390C	-0.2762
YDR391C	-0.1946
YDR392W	0.4399
YDR393W	-0.9233
YDR394W	0.6702
YDR395W	0.0853
YDR397C	3.2206
YDR398W	0.2524
YDR399W	0.8506
YDR400W	-0.0460
YDR404C	0.4641
YDR405W	0.4502
YDR406W	-0.9270
YDR407C	-1.3320
YDR408C	0.4838
YDR409W	-0.6669
YDR410C	-0.2645
YDR411C	0.0626
YDR412W	3.1968
YDR414C	-0.8862
YDR415C	0.6986
YDR416W	-0.5444
YDR418W	3.2762
YDR419W	-0.4466
YDR420W	-1.4095
YDR421W	-0.9093
YDR422C	-0.7682
YDR423C	-0.3309
YDR424C	0.8259
YDR425W	0.5995
YDR427W	0.4341
YDR428C	-0.1902
YDR429C	1.1018
YDR430C	-0.1787
YDR432W	2.5922
YDR434W	-0.1667
YDR435C	-0.4116
YDR436W	-0.3591
YDR437W	0.1024
YDR439W	-0.3166
YDR440W	-0.6130
YDR441C	-0.4086
YDR443C	-1.0120
YDR444W	-0.8026
YDR447C	1.5060
YDR448W	-0.2306
YDR449C	0.1804
YDR450W	2.1484
YDR451C	0.4400
YDR452W	-0.5590
YDR453C	0.2026
YDR454C	1.1942
YDR456W	-0.1448
YDR457W	-1.2375
YDR458C	-0.4040
YDR459C	-1.0356
YDR460W	-0.0159
YDR461C-A	0.6464
YDR461W	2.4113
YDR462W	0.9470
YDR463W	0.3230
YDR464W	-0.6158
YDR465C	0.3573
YDR466W	-0.4956
YDR468C	1.2255
YDR469W	-0.0482
YDR470C	-0.1253
YDR471W	1.8969
YDR472W	0.2182
YDR473C	0.0002
YDR475C	-0.9041
YDR476C	0.1778
YDR477W	0.1654
YDR478W	-0.2054
YDR479C	-0.7612
YDR480W	-0.0820
YDR481C	0.3526
YDR482C	0.4631
YDR483W	0.2031
YDR484W	-0.3523
YDR485C	-0.3549
YDR486C	0.5966
YDR487C	0.8242
YDR488C	-0.9081
YDR489W	-0.2787
YDR490C	-0.6236
YDR492W	0.8264
YDR493W	0.8848
YDR494W	0.2174
YDR495C	-0.4426
YDR496C	0.5506
YDR497C	-0.5385
YDR498C	-0.4047
YDR499W	-0.5846
YDR500C	1.6473
YDR501W	-0.1919
YDR502C	1.2923
YDR503C	-0.6618
YDR505C	-0.5802
YDR506C	-0.2863
YDR507C	-0.2224
YDR508C	0.7673
YDR510W	2.0708
YDR511W	0.5095
YDR512C	1.5603
YDR513W	1.6088
YDR514C	-0.0491
YDR515W	0.1649
YDR516C	0.6046
YDR517W	0.0163
YDR518W	0.3145
YDR519W	0.8472
YDR520C	-0.0006
YDR524C	-1.0287
YDR524C-B	3.1978
YDR525W-A	1.1521
YDR527W	0.6114
YDR528W	-0.8455
YDR529C	0.9736
YDR530C	-0.2887
YDR531W	-0.2603
YDR532C	-0.1231
YDR533C	0.4979
YDR534C	0.4278
YDR538W	1.4399
YDR539W	-0.0522
YDR540C	-0.0943
YDR541C	-0.9451
YEL001C	0.8474
YEL002C	0.5793
YEL003W	0.6034
YEL004W	-0.2525
YEL005C	-0.6465
YEL006W	-0.6898
YEL007W	-0.2360
YEL009C	-3.7903
YEL011W	-0.4148
YEL012W	-0.0021
YEL013W	-0.0901
YEL015W	0.2200
YEL016C	-1.2435
YEL017C-A	1.7910
YEL017W	0.1300
YEL018W	1.1396
YEL019C	0.3087
YEL020C	-0.5922
YEL020W-A	2.8239
YEL022W	-0.7573
YEL024W	0.9075
YEL025C	-1.4531
YEL026W	1.4966
YEL027W	1.5853
YEL029C	-0.6673
YEL031W	-0.0203
YEL032W	-0.2033
YEL034W	4.9822
YEL036C	-0.1344
YEL037C	1.0443
YEL038W	0.2355
YEL039C	0.7055
YEL040W	0.5551
YEL041W	-0.4058
YEL042W	0.2947
YEL043W	-1.1465
YEL044W	0.5188
YEL046C	1.2157
YEL047C	0.5334
YEL048C	-0.4633
YEL050C	0.0052
YEL051W	0.8149
YEL052W	-0.7790
YEL053C	-0.6563
YEL054C	3.2449
YEL055C	-0.2601
YEL056W	-0.2875
YEL058W	0.2175
YEL059C-A	0.0294
YEL060C	0.5930
YEL061C	-0.7437
YEL062W	-0.6682
YEL063C	0.0970
YEL064C	-0.2837
YEL065W	-0.0215
YEL066W	0.6688
YEL068C	0.2904
YEL071W	0.9676
YEL072W	-1.2793
YER001W	-0.1829
YER002W	1.7763
YER003C	1.1054
YER004W	0.5470
YER005W	-0.9293
YER006W	0.7566
YER007C-A	0.9464
YER007W	0.2122
YER008C	-0.6546
YER009W	1.4563
YER010C	-0.4973
YER011W	1.4818
YER012W	0.8850
YER013W	-0.4757
YER014W	0.0498
YER015W	-0.1948
YER016W	-0.0804
YER017C	-0.9382
YER018C	-0.8420
YER019C-A	1.2915
YER019W	-0.2898
YER020W	-0.1054
YER021W	0.1896
YER022W	-0.2309
YER023W	1.7448
YER025W	1.1565
YER026C	0.7068
YER027C	0.7705
YER028C	-0.4575
YER029C	0.8506
YER030W	1.4693
YER031C	1.0845
YER032W	-0.5256
YER033C	-0.5817
YER034W	0.7249
YER035W	0.9885
YER036C	0.7192
YER037W	-0.1670
YER038C	-0.8345
YER038W-A	1.0386
YER039C-A	0.2597
YER040W	-0.5386
YER041W	-0.9164
YER042W	0.8962
YER043C	1.5852
YER044C	0.9133
YER045C	-0.7156
YER046W	-0.6479
YER047C	0.0424
YER048C	1.0503
YER048W-A	1.0932
YER049W	0.3197
YER050C	0.8096
YER051W	-0.5469
YER052C	0.4606
YER053C	-0.2360
YER055C	0.4623
YER056C	0.7120
YER056C-A	1.9141
YER057C	1.4148
YER058W	1.0449
YER059W	-0.1147
YER060W	-1.1698
YER061C	-0.6383
YER062C	1.0485
YER063W	0.9196
YER064C	0.2173
YER067W	2.8864
YER068W	0.4483
YER069W	-0.2452
YER070W	0.3312
YER071C	0.1086
YER072W	1.6667
YER073W	0.1120
YER074W	1.7411
YER074W-A	0.6645
YER075C	-0.6667
YER076C	-0.2559
YER077C	-0.4183
YER078C	-0.5750
YER079W	0.8052
YER080W	0.8580
YER081W	-0.9335
YER082C	0.2199
YER083C	0.6645
YER086W	0.3205
YER087C-B	1.2105
YER087W	0.6849
YER088C	-0.1416
YER088C-A	3.4063
YER089C	0.0466
YER090W	1.2831
YER091C	1.1991
YER092W	0.4265
YER093C	-1.0945
YER093C-A	0.1796
YER094C	0.8557
YER095W	0.2966
YER098W	-0.8344
YER099C	0.4150
YER100W	1.4029
YER101C	0.2725
YER102W	1.1055
YER103W	0.2459
YER104W	0.3988
YER105C	-0.8674
YER107C	0.7704
YER109C	0.0650
YER110C	0.7766
YER111C	-0.9586
YER112W	1.1467
YER113C	-1.0250
YER114C	-0.2283
YER115C	-1.4469
YER116C	0.1473
YER117W	1.4851
YER118C	0.0512
YER119C	-0.2069
YER120W	2.0384
YER121W	-0.0085
YER122C	0.6457
YER123W	-0.3065
YER124C	0.0900
YER125W	-0.0627
YER126C	1.0989
YER127W	0.1764
YER128W	0.3834
YER129W	-1.3824
YER130C	-0.2771
YER131W	1.7457
YER132C	-1.5575
YER133W	0.8634
YER134C	1.6756
YER136W	0.7596
YER137C	1.5179
YER139C	0.2647
YER140W	-0.7408
YER141W	0.2061
YER142C	-0.3748
YER143W	0.9034
YER144C	-0.9383
YER145C	0.4523
YER146W	2.8511
YER147C	-0.6866
YER148W	1.9579
YER149C	0.7326
YER150W	0.2564
YER151C	-0.0884
YER152C	0.0997
YER153C	-1.5711
YER154W	-0.9091
YER155C	-1.3835
YER156C	0.6542
YER157W	-0.7925
YER158C	0.0185
YER159C	1.7827
YER161C	0.0089
YER162C	-0.0213
YER163C	-0.3902
YER164W	-0.3258
YER165W	1.4019
YER166W	-0.7146
YER167W	-0.8535
YER168C	-0.1758
YER169W	-0.4982
YER170W	0.4688
YER171W	-0.5828
YER172C	-0.9391
YER173W	-0.0386
YER174C	0.0093
YER175C	-0.0934
YER176W	-0.4038
YER177W	1.6192
YER178W	0.7773
YER179W	0.3500
YER180C-A	0.2437
YER182W	0.2171
YER183C	-0.1049
YER188W	0.2938
YFL001W	-0.3896
YFL002C	-0.2823
YFL004W	0.1861
YFL005W	1.2207
YFL007W	-1.0583
YFL008W	-0.5144
YFL009W	-0.3873
YFL010C	2.5137
YFL013C	1.1570
YFL014W	0.9542
YFL016C	-0.0007
YFL017C	0.0807
YFL017W-A	0.7428
YFL018C	0.9095
YFL021W	0.7690
YFL022C	1.0970
YFL023W	0.0916
YFL024C	-0.9410
YFL025C	-0.6954
YFL026W	0.1861
YFL027C	-0.8411
YFL028C	0.2918
YFL029C	-0.3995
YFL031W	-4.5783
YFL033C	-0.9725
YFL034C-A	1.3284
YFL034C-B	0.5999
YFL034W	-0.5644
YFL036W	-0.7143
YFL037W	0.7370
YFL038C	1.1422
YFL039C	1.6889
YFL041W	-0.0184
YFL042C	-0.3305
YFL044C	0.2950
YFL045C	1.4477
YFL046W	0.0915
YFL047W	-0.7888
YFL048C	0.4254
YFL049W	-0.1049
YFL054C	-0.5318
YFR001W	0.9192
YFR002W	-0.3642
YFR003C	1.0603
YFR004W	1.0772
YFR005C	-0.6069
YFR006W	0.4987
YFR007W	-0.2812
YFR008W	0.5422
YFR009W	0.5743
YFR010W	0.6534
YFR011C	1.6210
YFR013W	-0.5954
YFR014C	-0.1456
YFR015C	-0.2306
YFR016C	-0.0330
YFR017C	0.2550
YFR018C	-0.6059
YFR019W	-1.1577
YFR020W	-0.6204
YFR021W	-0.2123
YFR022W	-0.9285
YFR024C-A	0.5012
YFR025C	-0.3504
YFR027W	0.2347
YFR028C	-0.3764
YFR029W	-0.6112
YFR030W	-0.6607
YFR031C	-0.8642
YFR031C-A	2.0050
YFR032C-A	2.5181
YFR032C-B	-1.2543
YFR033C	0.1899
YFR034C	0.2831
YFR036W	0.9565
YFR037C	1.1813
YFR038W	-0.6974
YFR039C	-0.5651
YFR040W	-0.6493
YFR041C	0.2069
YFR042W	0.0049
YFR043C	0.2617
YFR044C	0.8096
YFR045W	0.1062
YFR046C	-0.3546
YFR047C	0.5593
YFR048W	-0.6184
YFR049W	1.3245
YFR050C	0.9710
YFR051C	0.4662
YFR052C-A	2.8019
YFR052W	0.7791
YFR053C	1.3420
YFR055W	0.6791
YGL001C	0.7085
YGL002W	-0.6235
YGL003C	-0.6056
YGL004C	0.0944
YGL005C	-0.4978
YGL006W	-1.0386
YGL008C	1.4270
YGL009C	0.9265
YGL010W	-0.6490
YGL011C	0.8302
YGL012W	0.3116
YGL013C	-1.0534
YGL014W	-0.5389
YGL016W	-0.8452
YGL017W	-0.2486
YGL018C	0.7624
YGL019W	0.2240
YGL020C	0.7182
YGL021W	-0.4184
YGL022W	-0.4726
YGL023C	-0.7138
YGL025C	1.0608
YGL026C	1.1157
YGL027C	-0.0248
YGL028C	0.8012
YGL029W	1.3670
YGL030W	2.0790
YGL031C	1.9714
YGL032C	0.9030
YGL035C	0.3744
YGL036W	-0.9964
YGL037C	1.3994
YGL038C	-0.2241
YGL039W	0.2191
YGL040C	0.6740
YGL041W-A	1.7447
YGL043W	1.3896
YGL044C	0.9818
YGL045W	-0.1732
YGL047W	0.2168
YGL048C	0.6432
YGL049C	0.2138
YGL050W	0.0837
YGL053W	-0.2392
YGL054C	1.0559
YGL055W	0.6489
YGL056C	0.3754
YGL057C	-0.2541
YGL058W	0.5436
YGL059W	-0.7162
YGL060W	-0.4918
YGL061C	0.0578
YGL062W	-0.1141
YGL063W	-0.7342
YGL064C	-0.3842
YGL065C	-0.0164
YGL066W	0.2099
YGL067W	-0.2770
YGL068W	2.3526
YGL070C	1.0284
YGL071W	-0.9150
YGL072C	0.4892
YGL073W	-0.1774
YGL075C	-0.4976
YGL076C	0.8851
YGL077C	-0.1179
YGL078C	0.6882
YGL079W	-0.6590
YGL080W	0.6720
YGL081W	0.3183
YGL082W	0.1933
YGL083W	-0.4496
YGL084C	-0.2088
YGL085W	-0.5654
YGL086W	-0.5884
YGL087C	1.1464
YGL088W	-6.7590
YGL090W	-0.7527
YGL091C	0.3246
YGL092W	-0.6681
YGL093W	-0.6596
YGL094C	-1.4117
YGL095C	-0.3310
YGL096W	-0.4006
YGL097W	0.5102
YGL098W	0.2776
YGL099W	0.3920
YGL100W	0.0452
YGL101W	0.3783
YGL103W	3.5768
YGL104C	-0.4093
YGL105W	1.3010
YGL106W	1.4446
YGL107C	-0.4102
YGL108C	1.8269
YGL110C	-0.2514
YGL111W	0.0972
YGL112C	-0.0680
YGL113W	-0.8131
YGL114W	-0.7100
YGL115W	-0.2941
YGL116W	-0.0975
YGL117W	-1.0853
YGL119W	-0.3305
YGL120C	0.4343
YGL121C	0.1271
YGL122C	0.7261
YGL123W	3.0000
YGL124C	-0.7180
YGL125W	-0.3186
YGL126W	-0.9904
YGL127C	0.3783
YGL128C	0.1072
YGL129C	-0.1293
YGL130W	0.1643
YGL131C	-1.1991
YGL133W	-0.7843
YGL134W	-1.1548
YGL136C	-1.3467
YGL137W	0.4331
YGL139W	-0.6072
YGL140C	-1.2647
YGL141W	-0.3902
YGL142C	-0.8459
YGL143C	-0.4830
YGL144C	-0.8279
YGL145W	-0.2209
YGL146C	-0.6237
YGL147C	1.7815
YGL148W	0.9231
YGL150C	-0.8831
YGL151W	-0.6510
YGL153W	1.6832
YGL154C	-1.1714
YGL155W	-1.0131
YGL156W	-0.3596
YGL157W	0.4888
YGL159W	-0.3918
YGL160W	-0.5671
YGL161C	0.4075
YGL162W	-0.5039
YGL163C	-0.5888
YGL164C	0.1875
YGL166W	1.5339
YGL167C	-0.2373
YGL169W	-0.2379
YGL171W	0.3021
YGL172W	0.5504
YGL173C	0.0056
YGL174W	0.1196
YGL175C	-0.9141
YGL176C	-1.2073
YGL178W	-0.7656
YGL179C	-0.5289
YGL180W	-0.7600
YGL181W	0.6696
YGL184C	0.3742
YGL185C	-0.2408
YGL186C	0.3250
YGL187C	0.9697
YGL188C-A	-1.8564
YGL189C	1.9488
YGL190C	-0.2014
YGL191W	1.1173
YGL194C	-0.1806
YGL194C-A	0.2677
YGL195W	-0.2937
YGL196W	-0.1336
YGL197W	-1.2144
YGL198W	1.6334
YGL200C	0.9062
YGL201C	-0.3420
YGL202W	1.0064
YGL203C	0.1707
YGL204C	-0.0141
YGL206C	0.5427
YGL207W	0.3553
YGL208W	0.1854
YGL209W	0.3972
YGL210W	0.2802
YGL211W	-0.6911
YGL212W	0.7322
YGL213C	1.3309
YGL215W	-1.7953
YGL216W	-0.3525
YGL219C	0.9475
YGL220W	0.8930
YGL221C	0.5796
YGL222C	0.6978
YGL223C	-0.3241
YGL224C	-0.6566
YGL225W	0.7267
YGL226C-A	1.1988
YGL226W	0.5358
YGL227W	-0.5776
YGL228W	0.1078
YGL229C	-1.0613
YGL230C	0.0638
YGL231C	0.5893
YGL232W	0.3012
YGL233W	-0.9397
YGL234W	0.8444
YGL236C	-0.2294
YGL237C	0.4756
YGL238W	-0.1878
YGL240W	-0.4612
YGL241W	-0.3300
YGL242C	1.2073
YGL243W	-1.0479
YGL244W	1.0661
YGL245W	1.0606
YGL246C	-0.2205
YGL247W	-1.0737
YGL248W	-0.4542
YGL250W	0.3911
YGL252C	-0.1806
YGL253W	1.4550
YGL254W	-0.0639
YGL255W	-0.3928
YGL256W	-1.1509
YGL257C	-1.2668
YGR001C	0.6607
YGR002C	-0.1669
YGR003W	-0.5684
YGR004W	-0.4322
YGR005C	0.5170
YGR006W	-0.4415
YGR007W	-0.4351
YGR008C	1.8345
YGR009C	0.4173
YGR010W	-0.2033
YGR012W	-0.2618
YGR013W	-0.2751
YGR014W	-0.4692
YGR015C	-0.4369
YGR016W	0.1208
YGR017W	0.4706
YGR018C	-0.8045
YGR019W	0.4869
YGR020C	1.0464
YGR021W	-0.0433
YGR023W	0.4320
YGR024C	-0.7547
YGR026W	0.7348
YGR027C	1.9969
YGR028W	-0.5950
YGR029W	0.0376
YGR030C	0.2185
YGR031W	0.5331
YGR032W	-0.9044
YGR033C	-0.4756
YGR034W	1.2757
YGR035C	0.9274
YGR036C	0.0133
YGR037C	2.2990
YGR038W	0.4716
YGR039W	-0.3867
YGR040W	-0.6428
YGR041W	-0.7715
YGR042W	-0.7773
YGR043C	-0.2061
YGR044C	0.0081
YGR046W	-0.6786
YGR047C	-0.5596
YGR048W	0.1830
YGR049W	0.5926
YGR050C	-0.1159
YGR052W	0.3809
YGR053C	0.1042
YGR054W	0.6519
YGR055W	0.3462
YGR056W	-0.3461
YGR057C	-0.7690
YGR058W	0.3531
YGR060W	1.0880
YGR061C	0.2968
YGR062C	-1.0133
YGR063C	2.2454
YGR065C	-0.4642
YGR068C	-0.2628
YGR071C	-0.6217
YGR072W	0.2066
YGR074W	1.9637
YGR075C	-0.5943
YGR076C	0.7543
YGR077C	-1.0026
YGR078C	0.7605
YGR079W	0.5460
YGR080W	0.8609
YGR081C	0.6286
YGR082W	1.0984
YGR083C	0.2188
YGR084C	-0.1015
YGR085C	1.8533
YGR086C	1.1006
YGR088W	-0.5991
YGR089W	-0.8267
YGR090W	-0.4032
YGR091W	-0.3816
YGR092W	-0.0046
YGR093W	-0.3245
YGR094W	0.3918
YGR095C	0.3524
YGR096W	-0.5403
YGR097W	-0.8043
YGR098C	-1.2825
YGR099W	-0.9434
YGR100W	-0.7396
YGR101W	-0.1396
YGR102C	-0.3335
YGR103W	0.3132
YGR104C	-0.1661
YGR105W	1.2341
YGR106C	0.9350
YGR108W	-0.7477
YGR109C	0.0083
YGR111W	-0.0665
YGR112W	-0.2175
YGR113W	-0.2788
YGR116W	0.4196
YGR117C	-0.7496
YGR119C	0.1810
YGR120C	-0.2499
YGR121C	-0.8670
YGR122W	-0.6286
YGR123C	0.3003
YGR124W	0.9441
YGR125W	-0.7418
YGR126W	0.0112
YGR127W	-0.7153
YGR128C	0.2520
YGR129W	0.4110
YGR130C	0.5542
YGR131W	0.0532
YGR132C	0.5113
YGR133W	-0.5922
YGR134W	-0.9414
YGR135W	0.9722
YGR136W	1.4407
YGR140W	-0.6480
YGR141W	0.2718
YGR142W	-0.2373
YGR143W	-0.6653
YGR145W	0.1365
YGR146C	-0.3678
YGR147C	-0.2749
YGR148C	1.6334
YGR149W	-0.3897
YGR150C	-1.1201
YGR151C	3.7273
YGR152C	0.8119
YGR153W	-0.1103
YGR155W	1.1536
YGR156W	-0.2408
YGR157W	-0.9526
YGR158C	0.3737
YGR159C	2.5265
YGR161C	0.9529
YGR161W-C	0.4251
YGR162W	0.3948
YGR163W	0.1080
YGR165W	-0.1176
YGR166W	-0.6483
YGR167W	1.3768
YGR168C	-0.9467
YGR169C	-0.6543
YGR169C-A	2.8841
YGR170W	-1.4008
YGR171C	-0.6334
YGR172C	0.5229
YGR173W	0.6962
YGR174C	0.0528
YGR175C	1.1579
YGR177C	0.2407
YGR178C	-0.0171
YGR179C	-0.2510
YGR180C	1.5576
YGR181W	1.8136
YGR183C	1.0341
YGR184C	-1.0444
YGR185C	0.9051
YGR186W	-0.0297
YGR187C	1.0323
YGR188C	-0.6987
YGR189C	1.1513
YGR191W	1.1249
YGR192C	2.6739
YGR193C	0.5745
YGR194C	-0.4964
YGR195W	0.3145
YGR196C	0.0046
YGR197C	-0.3968
YGR198W	-0.7088
YGR199W	-0.3198
YGR200C	-0.1173
YGR201C	-1.3725
YGR202C	0.2995
YGR203W	0.2187
YGR204W	0.6875
YGR205W	0.3130
YGR206W	0.0828
YGR207C	0.6535
YGR208W	0.6386
YGR209C	1.7925
YGR210C	0.0011
YGR211W	0.7777
YGR212W	-0.2614
YGR214W	2.0017
YGR215W	0.8196
YGR216C	-0.9003
YGR217W	-1.0843
YGR218W	0.2280
YGR220C	0.7883
YGR221C	-0.9036
YGR222W	-1.1726
YGR223C	-0.8737
YGR227W	-0.2803
YGR229C	0.8443
YGR230W	-0.0811
YGR231C	0.1846
YGR232W	0.2940
YGR233C	-0.6171
YGR234W	1.3271
YGR235C	0.7713
YGR237C	-0.3330
YGR238C	-0.9230
YGR239C	-0.1751
YGR240C	1.2310
YGR241C	0.1386
YGR243W	0.2278
YGR244C	0.3514
YGR245C	0.0889
YGR246C	-0.0386
YGR247W	-0.3284
YGR248W	0.4974
YGR250C	-0.0839
YGR251W	0.5385
YGR252W	-0.5262
YGR253C	0.8359
YGR254W	1.5784
YGR255C	-0.7456
YGR256W	0.4100
YGR257C	-1.3742
YGR258C	-0.7235
YGR260W	0.9209
YGR261C	-0.6815
YGR262C	0.2050
YGR263C	-0.0611
YGR264C	0.9948
YGR266W	0.1149
YGR267C	0.4130
YGR268C	0.3919
YGR270W	-0.8183
YGR271C-A	0.7759
YGR271W	-0.9199
YGR274C	-0.6051
YGR275W	0.9782
YGR276C	-0.0977
YGR277C	0.0353
YGR278W	-0.1526
YGR279C	1.7711
YGR280C	1.1860
YGR281W	-0.9856
YGR282C	1.3899
YGR283C	0.0460
YGR284C	0.8329
YGR285C	1.5054
YGR286C	0.0212
YGR287C	-0.1766
YGR288W	-0.2645
YGR295C	-0.3804
YHL001W	0.7468
YHL002W	0.9889
YHL003C	0.2083
YHL004W	0.3930
YHL006C	-0.8375
YHL007C	-0.0190
YHL008C	-1.0040
YHL009C	0.4044
YHL010C	-0.3930
YHL011C	0.7986
YHL013C	0.7392
YHL014C	-0.3691
YHL015W	2.4036
YHL017W	-0.4268
YHL018W	0.3746
YHL019C	0.2630
YHL020C	-0.5177
YHL021C	0.6474
YHL023C	-1.1576
YHL024W	-0.6942
YHL025W	-0.1710
YHL026C	-1.2446
YHL027W	0.1749
YHL028W	-0.4146
YHL029C	-0.7510
YHL030W	-0.4961
YHL031C	2.2624
YHL032C	-1.7279
YHL033C	1.5728
YHL034C	3.2787
YHL035C	-1.9861
YHL036W	-0.8033
YHL038C	-0.3871
YHL039W	-0.4333
YHL040C	-0.6269
YHL042W	-0.1470
YHL044W	-0.2098
YHL047C	-0.5306
YHL048W	-0.2492
YHR001W	0.3190
YHR001W-A	1.7352
YHR002W	-0.4598
YHR003C	-0.3964
YHR004C	-1.1451
YHR005C	-0.1079
YHR005C-A	1.1225
YHR006W	-0.0274
YHR007C	0.5685
YHR008C	1.1761
YHR009C	-0.6867
YHR010W	2.0180
YHR011W	-0.3407
YHR012W	0.1447
YHR013C	0.7328
YHR015W	0.4065
YHR016C	0.2986
YHR017W	-0.5392
YHR018C	0.5164
YHR019C	1.1645
YHR020W	0.8388
YHR021C	2.0837
YHR021W-A	1.4152
YHR022C	0.0803
YHR023W	-1.0006
YHR024C	-0.2204
YHR025W	0.9071
YHR026W	0.5325
YHR027C	0.4605
YHR028C	-0.3625
YHR029C	0.3747
YHR030C	-0.3719
YHR031C	-0.8185
YHR032W	-0.2689
YHR034C	-0.0834
YHR035W	-0.0576
YHR036W	-0.1491
YHR037W	0.1717
YHR038W	0.7984
YHR039C	-0.4269
YHR039C-A	1.9486
YHR040W	0.4967
YHR041C	-0.6526
YHR042W	0.2535
YHR043C	0.4092
YHR044C	-0.4293
YHR045W	-0.6881
YHR046C	0.2670
YHR047C	0.2280
YHR048W	-1.1145
YHR049W	0.8712
YHR050W	-0.4577
YHR050W-A	0.0397
YHR051W	1.2710
YHR052W	0.7881
YHR056C	0.5200
YHR057C	0.2126
YHR058C	0.2281
YHR059W	0.7951
YHR060W	0.4474
YHR061C	-0.0514
YHR062C	-0.1079
YHR063C	0.4158
YHR064C	1.7640
YHR065C	0.4936
YHR066W	0.4697
YHR067W	-0.8496
YHR068W	0.7793
YHR069C	0.1149
YHR070W	1.0551
YHR071W	-2.1992
YHR072W	-0.3294
YHR072W-A	1.8643
YHR073W	-0.7387
YHR074W	-0.1159
YHR075C	-0.2689
YHR076W	0.3287
YHR077C	-0.9918
YHR078W	-1.1084
YHR079C	-1.4539
YHR080C	-1.5503
YHR081W	0.9337
YHR082C	-1.2410
YHR083W	-0.6820
YHR084W	-0.4504
YHR085W	0.0147
YHR086W	-0.5857
YHR087W	0.7545
YHR088W	1.2903
YHR089C	1.9038
YHR090C	0.1532
YHR091C	-1.1989
YHR092C	0.5154
YHR094C	0.7630
YHR097C	0.8335
YHR098C	-0.3750
YHR099W	-1.3850
YHR100C	-0.2300
YHR101C	0.0081
YHR102W	-0.5739
YHR103W	-0.9603
YHR104W	0.8152
YHR105W	0.2045
YHR106W	-0.7775
YHR107C	0.7193
YHR108W	0.3540
YHR109W	-0.1744
YHR110W	-0.5291
YHR111W	0.0692
YHR112C	0.0175
YHR113W	0.2060
YHR114W	-0.0618
YHR115C	-0.2773
YHR116W	0.5591
YHR117W	-0.3357
YHR118C	0.1051
YHR119W	-1.0875
YHR120W	-0.9772
YHR121W	0.7507
YHR122W	0.5349
YHR123W	0.1571
YHR127W	0.3416
YHR128W	1.0440
YHR129C	-0.9938
YHR131C	-0.8795
YHR132C	0.6625
YHR132W-A	0.4906
YHR133C	0.2821
YHR134W	-0.8931
YHR135C	-0.0351
YHR136C	1.2366
YHR137W	0.9841
YHR138C	0.8799
YHR140W	-0.1092
YHR142W	-0.1009
YHR143W	0.9675
YHR143W-A	1.7185
YHR144C	-0.3237
YHR146W	1.1080
YHR147C	0.4208
YHR148W	0.6736
YHR149C	-0.2988
YHR150W	-0.7525
YHR151C	-1.1309
YHR152W	0.8575
YHR153C	0.0099
YHR154W	-0.6210
YHR155W	-1.3211
YHR156C	-0.4792
YHR158C	-0.2109
YHR159W	-0.6120
YHR161C	-0.3186
YHR162W	0.8521
YHR163W	0.0548
YHR164C	-0.9498
YHR165C	-1.2339
YHR166C	-0.2230
YHR167W	0.2655
YHR168W	-0.5167
YHR169W	-0.0031
YHR170W	0.2762
YHR171W	-0.2474
YHR172W	-0.5454
YHR174W	2.3320
YHR175W	0.2892
YHR176W	0.0940
YHR178W	-0.6732
YHR179W	1.5647
YHR180W	-0.6488
YHR181W	0.1567
YHR182W	-0.8234
YHR183W	2.4545
YHR184W	1.0848
YHR186C	-0.9694
YHR187W	0.3479
YHR188C	-0.5191
YHR189W	-0.9635
YHR190W	0.8732
YHR191C	-0.2163
YHR192W	0.0270
YHR193C	2.2593
YHR194W	-0.2302
YHR195W	-0.6152
YHR196W	-0.0903
YHR197W	-0.3142
YHR198C	-0.0879
YHR199C	-0.6124
YHR199C-A	-0.6440
YHR200W	0.6809
YHR201C	0.7001
YHR202W	-0.3824
YHR204W	-1.3028
YHR205W	-0.2998
YHR206W	-0.5255
YHR207C	0.1282
YHR208W	0.9524
YHR209W	-0.3626
YHR216W	0.3257
YIL001W	-0.4796
YIL002C	-1.1033
YIL002W-A	0.8242
YIL003W	-0.3480
YIL004C	0.0871
YIL005W	-0.0255
YIL006W	-0.1842
YIL007C	0.1965
YIL008W	1.4872
YIL009C-A	0.2067
YIL009W	-0.9123
YIL010W	0.4704
YIL011W	0.8716
YIL014C-A	0.3311
YIL014W	-0.7530
YIL015W	0.6143
YIL016W	0.1301
YIL017C	-0.8800
YIL018W	1.7066
YIL019W	0.4363
YIL020C	0.6061
YIL021W	1.9094
YIL022W	0.2804
YIL023C	-0.0803
YIL024C	-0.7084
YIL026C	-0.5488
YIL027C	0.5103
YIL030C	-0.1365
YIL031W	-1.2043
YIL033C	0.7819
YIL034C	0.2247
YIL035C	0.0525
YIL036W	-0.2511
YIL038C	0.2463
YIL039W	-0.0092
YIL040W	0.2758
YIL041W	0.8712
YIL042C	-0.6124
YIL043C	0.2522
YIL044C	0.2291
YIL045W	0.2876
YIL046W	-1.0095
YIL047C	-1.3307
YIL047C-A	0.3700
YIL048W	-0.7385
YIL049W	-0.7560
YIL050W	-0.0724
YIL051C	2.0083
YIL052C	1.7989
YIL053W	1.8173
YIL055C	-0.1261
YIL056W	-0.4867
YIL059C	0.6727
YIL061C	0.0707
YIL062C	1.2503
YIL063C	0.5660
YIL064W	0.2362
YIL065C	0.4767
YIL066C	0.1632
YIL067C	0.2795
YIL068C	-0.3047
YIL070C	0.9649
YIL071C	0.0637
YIL074C	0.6075
YIL075C	0.2416
YIL076W	0.7382
YIL077C	-0.2972
YIL078W	0.9274
YIL079C	-0.1086
YIL083C	0.0831
YIL084C	0.2063
YIL085C	-1.1161
YIL087C	0.2827
YIL088C	-0.6235
YIL089W	-0.5207
YIL090W	-1.0194
YIL091C	-0.0565
YIL092W	-0.6964
YIL093C	0.3728
YIL094C	0.2670
YIL095W	-0.4813
YIL096C	-0.1503
YIL097W	-0.3609
YIL098C	0.4640
YIL101C	-0.0413
YIL102C-A	-0.1075
YIL103W	-0.2830
YIL104C	-0.0551
YIL105C	0.0055
YIL106W	0.5329
YIL107C	-0.5533
YIL108W	-0.1011
YIL109C	0.2973
YIL110W	-0.1539
YIL111W	0.0256
YIL112W	-0.5799
YIL113W	-1.0151
YIL114C	-0.2901
YIL115C	-0.0289
YIL116W	0.6113
YIL117C	0.3628
YIL118W	0.7992
YIL119C	-0.3031
YIL121W	-0.6485
YIL122W	-0.3363
YIL123W	1.6063
YIL124W	0.7306
YIL125W	0.0523
YIL126W	-0.6054
YIL127C	0.7673
YIL128W	-0.6500
YIL129C	-1.4393
YIL130W	-0.4121
YIL131C	-0.3380
YIL132C	-0.5071
YIL133C	1.6426
YIL134W	-0.9168
YIL135C	0.2593
YIL136W	0.7697
YIL137C	0.0403
YIL138C	1.2749
YIL139C	-0.7788
YIL140W	0.1466
YIL141W	2.6664
YIL142W	1.2882
YIL143C	-0.2761
YIL144W	-0.4990
YIL145C	0.2073
YIL146C	-1.0452
YIL147C	-1.4707
YIL148W	1.9296
YIL149C	-1.3748
YIL150C	-0.3792
YIL151C	-1.6494
YIL152W	-0.3569
YIL153W	-0.6843
YIL154C	0.5003
YIL155C	-0.3796
YIL156W	-0.8592
YIL156W-B	0.7984
YIL157C	1.7328
YIL158W	-0.5160
YIL159W	-0.9160
YIL161W	-0.0582
YIL162W	-0.0670
YIL163C	-0.1896
YIL169C	-2.7845
YIR001C	0.5827
YIR002C	-1.0597
YIR003W	0.2217
YIR004W	0.1088
YIR005W	0.2745
YIR006C	-0.1104
YIR007W	-0.4111
YIR008C	0.0835
YIR009W	0.7289
YIR010W	-0.5509
YIR011C	0.3070
YIR012W	0.6424
YIR014W	-0.1427
YIR015W	-0.3096
YIR017C	2.0962
YIR018W	-0.4260
YIR021W	0.7528
YIR022W	0.9128
YIR023W	-0.6976
YIR024C	0.6453
YIR025W	-0.0133
YIR026C	0.0769
YIR030C	0.0508
YIR032C	-0.7003
YIR033W	-0.7012
YIR034C	0.9696
YIR035C	0.0936
YIR036C	1.2429
YIR037W	1.5767
YIR038C	0.4843
YJL001W	1.0316
YJL002C	0.1851
YJL003W	0.2933
YJL004C	-0.2650
YJL005W	-1.2594
YJL006C	-0.1923
YJL008C	0.9642
YJL010C	0.2840
YJL011C	0.6065
YJL012C	0.6884
YJL013C	-0.8893
YJL014W	0.7282
YJL016W	-1.0692
YJL019W	-0.4477
YJL020C	0.6976
YJL023C	0.0386
YJL024C	0.5679
YJL025W	-1.1868
YJL026W	1.7247
YJL029C	-0.9136
YJL030W	0.3122
YJL031C	0.4264
YJL033W	0.1687
YJL034W	0.5644
YJL035C	-0.4265
YJL036W	0.1846
YJL039C	-0.7510
YJL041W	0.5536
YJL042W	-0.8778
YJL044C	-0.8276
YJL046W	-0.9191
YJL047C	-0.6941
YJL048C	-0.3538
YJL049W	-0.0209
YJL050W	0.2061
YJL051W	-0.9894
YJL052W	1.6069
YJL053W	0.0123
YJL054W	-0.9457
YJL055W	0.5710
YJL056C	-0.7071
YJL057C	-0.1874
YJL058C	-0.3165
YJL059W	-0.6020
YJL060W	0.1974
YJL061W	-0.4216
YJL062W	-0.3235
YJL062W-A	1.0193
YJL063C	0.3263
YJL065C	1.6129
YJL066C	1.0224
YJL068C	0.7921
YJL069C	0.2960
YJL070C	-0.8052
YJL071W	-0.6467
YJL072C	-0.0248
YJL073W	-0.4536
YJL074C	-0.2783
YJL076W	-0.4937
YJL077W-A	1.7436
YJL078C	0.3992
YJL079C	1.1595
YJL080C	0.9314
YJL081C	-0.5281
YJL082W	-0.4861
YJL083W	-0.9569
YJL084C	-0.3952
YJL085W	-0.1568
YJL087C	0.1745
YJL088W	0.5497
YJL090C	-0.9019
YJL091C	-0.2573
YJL092W	-1.3970
YJL093C	-1.2801
YJL094C	-0.7440
YJL095W	-1.2443
YJL096W	0.5475
YJL097W	0.6006
YJL098W	-0.5310
YJL099W	-0.3969
YJL100W	-0.7051
YJL101C	-0.7681
YJL102W	-0.2928
YJL103C	-0.3977
YJL104W	0.8320
YJL107C	-0.0388
YJL109C	-0.8646
YJL110C	-0.5577
YJL111W	0.7383
YJL112W	-0.8569
YJL115W	1.3729
YJL116C	-0.4601
YJL117W	0.5269
YJL118W	-0.3334
YJL121C	1.3592
YJL122W	0.8817
YJL123C	0.8425
YJL124C	0.6277
YJL125C	0.3579
YJL126W	0.0802
YJL127C	-0.9144
YJL127C-B	-0.6507
YJL128C	-0.2842
YJL129C	-1.7685
YJL130C	0.3144
YJL131C	-0.2386
YJL132W	-0.4078
YJL133C-A	2.0487
YJL133W	-0.7688
YJL134W	-0.0203
YJL135W	-0.2638
YJL136C	2.1803
YJL137C	-0.4119
YJL139C	-0.3037
YJL140W	0.6181
YJL141C	-0.4984
YJL143W	1.9344
YJL144W	0.6190
YJL145W	0.7754
YJL146W	-0.2784
YJL147C	-0.5059
YJL148W	1.1203
YJL149W	-0.1584
YJL150W	3.3275
YJL151C	1.8893
YJL154C	-0.7019
YJL155C	-0.0062
YJL156C	-0.3221
YJL157C	-0.5086
YJL158C	2.3912
YJL159W	2.1848
YJL161W	-0.2694
YJL162C	-0.3002
YJL163C	-0.1776
YJL164C	-0.1540
YJL165C	-0.4608
YJL166W	1.6623
YJL167W	1.3174
YJL168C	0.1336
YJL170C	0.1600
YJL171C	0.3750
YJL172W	0.5907
YJL173C	0.8093
YJL174W	0.9127
YJL176C	0.5455
YJL177W	1.6665
YJL178C	0.6452
YJL179W	1.1306
YJL180C	-0.3416
YJL181W	-0.1411
YJL183W	-0.3435
YJL184W	0.6543
YJL185C	-0.6856
YJL186W	0.1653
YJL187C	-1.4397
YJL189W	4.6046
YJL190C	2.2964
YJL191W	1.4327
YJL192C	0.3204
YJL193W	-0.3697
YJL194W	0.6237
YJL196C	0.3824
YJL197W	-0.7087
YJL198W	-0.5129
YJL199C	0.5925
YJL200C	-0.0717
YJL201W	-0.4316
YJL203W	1.2075
YJL204C	-0.1666
YJL205C	0.3148
YJL206C	-0.5865
YJL207C	-1.1875
YJL208C	0.0389
YJL209W	-1.3971
YJL210W	0.0080
YJL212C	-0.3831
YJL217W	0.9855
YJL218W	0.4601
YJR001W	-0.3643
YJR002W	0.0098
YJR003C	-0.4301
YJR005C-A	0.9861
YJR005W	-0.6670
YJR006W	-0.3375
YJR007W	1.1758
YJR008W	-0.3057
YJR009C	2.4900
YJR010C-A	1.0351
YJR010W	-0.0555
YJR011C	-0.3774
YJR012C	-0.1488
YJR013W	-0.0717
YJR014W	1.5788
YJR015W	0.3482
YJR016C	0.5196
YJR017C	1.4626
YJR019C	0.5324
YJR021C	-0.4445
YJR022W	4.2529
YJR024C	-0.1810
YJR025C	0.8371
YJR030C	-1.0227
YJR031C	-0.9994
YJR032W	0.3416
YJR033C	-0.8966
YJR034W	0.5820
YJR035W	-0.6956
YJR036C	0.1445
YJR039W	-0.4908
YJR040W	-0.5744
YJR041C	-0.4411
YJR042W	-0.3322
YJR043C	0.0725
YJR044C	0.6526
YJR045C	1.5894
YJR046W	-1.1448
YJR047C	1.1070
YJR048W	1.6959
YJR049C	-0.3180
YJR050W	0.1000
YJR051W	0.0074
YJR052W	-0.4343
YJR053W	-0.4928
YJR054W	-1.1737
YJR055W	0.7621
YJR056C	0.0583
YJR057W	0.0649
YJR058C	-0.3087
YJR059W	-0.5321
YJR060W	1.2997
YJR061W	-1.2582
YJR062C	-0.3201
YJR063W	0.8044
YJR064W	0.5142
YJR065C	0.3515
YJR066W	-1.3508
YJR067C	0.8371
YJR068W	0.0325
YJR069C	1.5480
YJR070C	2.0993
YJR072C	0.6829
YJR073C	0.4217
YJR074W	0.3144
YJR075W	0.1874
YJR076C	0.4432
YJR077C	0.8264
YJR078W	0.5019
YJR080C	0.2812
YJR082C	0.1185
YJR083C	0.4061
YJR084W	-0.4207
YJR085C	1.5401
YJR086W	0.5202
YJR088C	1.2993
YJR089W	-0.8946
YJR090C	-1.0508
YJR091C	-0.7980
YJR092W	-0.3587
YJR093C	0.4346
YJR094C	0.2536
YJR094W-A	1.7009
YJR096W	-0.0767
YJR097W	0.1645
YJR098C	-0.1632
YJR099W	0.2893
YJR100C	-0.6457
YJR101W	-0.0315
YJR102C	0.1923
YJR103W	0.1260
YJR104C	2.1018
YJR105W	1.4827
YJR106W	-0.7805
YJR108W	1.6322
YJR109C	0.3413
YJR110W	-0.7121
YJR111C	0.3333
YJR112W	-0.3143
YJR112W-A	0.2610
YJR113C	1.3546
YJR115W	-1.5325
YJR116W	-0.2720
YJR117W	0.2617
YJR118C	0.6528
YJR119C	-0.1646
YJR120W	0.6285
YJR121W	0.5267
YJR122W	-0.6359
YJR123W	2.1837
YJR124C	-0.2221
YJR125C	1.0455
YJR126C	-0.8572
YJR127C	-1.2029
YJR129C	-0.5661
YJR130C	-0.7088
YJR131W	-0.0155
YJR132W	-0.4537
YJR133W	0.5117
YJR134C	-0.7722
YJR135C	-0.5919
YJR135W-A	1.0379
YJR136C	-0.6544
YJR137C	-0.6794
YJR138W	-1.0287
YJR139C	1.3146
YJR140C	-0.9059
YJR141W	-1.0467
YJR142W	0.2713
YJR143C	-0.3005
YJR144W	0.1969
YJR146W	-0.2234
YJR147W	-2.0611
YJR148W	0.9011
YJR150C	1.1766
YKL001C	0.3965
YKL002W	0.2204
YKL003C	0.3216
YKL004W	-0.7472
YKL005C	-0.5939
YKL006C-A	0.1531
YKL006W	1.2802
YKL007W	0.7128
YKL008C	0.3648
YKL009W	1.2171
YKL010C	-0.5078
YKL011C	-0.6654
YKL012W	-0.6556
YKL013C	0.8783
YKL014C	-0.9131
YKL015W	-1.4849
YKL016C	1.0269
YKL017C	-0.1031
YKL018C-A	1.5736
YKL018W	-0.0170
YKL019W	-0.3864
YKL020C	-0.5322
YKL021C	0.7595
YKL022C	-0.6624
YKL023C-A	-1.0539
YKL023W	0.0575
YKL024C	0.8907
YKL025C	-0.1629
YKL026C	-0.8502
YKL027W	-0.0302
YKL028W	-0.4246
YKL029C	0.9058
YKL032C	0.6393
YKL033W	-0.9226
YKL033W-A	0.1319
YKL034W	-0.2195
YKL035W	1.2849
YKL038W	-1.2514
YKL039W	0.2070
YKL040C	0.7884
YKL041W	1.3820
YKL042W	0.3620
YKL043W	-0.7397
YKL044W	-0.4089
YKL045W	0.0986
YKL046C	0.4250
YKL047W	-0.1139
YKL048C	-1.0779
YKL049C	0.5692
YKL051W	-0.8317
YKL052C	0.5037
YKL053C-A	0.7909
YKL054C	1.6146
YKL055C	0.0075
YKL056C	1.7251
YKL057C	-0.5099
YKL058W	0.2096
YKL059C	-0.1666
YKL060C	2.1661
YKL061W	0.2928
YKL062W	0.0800
YKL063C	1.0039
YKL064W	-0.9395
YKL065C	0.5468
YKL067W	1.4748
YKL068W	-0.3839
YKL068W-A	1.0071
YKL069W	0.3447
YKL072W	-0.6644
YKL073W	-0.0599
YKL074C	0.0200
YKL075C	-0.0892
YKL076C	0.6588
YKL077W	0.6671
YKL078W	-0.3340
YKL079W	-0.4426
YKL080W	0.4384
YKL081W	1.3858
YKL082C	1.7716
YKL084W	0.4278
YKL085W	0.9793
YKL086W	0.6772
YKL087C	0.7962
YKL088W	0.4606
YKL089W	-0.1646
YKL090W	-0.7183
YKL091C	-0.0133
YKL092C	-0.9306
YKL094W	0.0553
YKL095W	0.5718
YKL096W	1.4135
YKL096W-A	2.5602
YKL098W	-0.8092
YKL099C	0.8288
YKL100C	-0.1355
YKL101W	-0.9646
YKL103C	0.4849
YKL104C	0.4328
YKL105C	-0.4011
YKL106W	-0.6820
YKL108W	-0.4275
YKL109W	-0.3586
YKL110C	0.0858
YKL112W	0.6346
YKL113C	0.0180
YKL114C	0.2845
YKL115C	0.3279
YKL116C	-0.5142
YKL117W	2.1943
YKL119C	1.0372
YKL120W	0.7161
YKL121W	-0.6715
YKL122C	0.8823
YKL124W	-0.1211
YKL125W	-0.3761
YKL126W	-0.1046
YKL127W	0.6146
YKL128C	-0.0025
YKL129C	-0.4421
YKL130C	0.2808
YKL132C	-0.5443
YKL133C	-0.8856
YKL134C	-0.5063
YKL135C	0.0114
YKL137W	0.8177
YKL138C	0.5564
YKL138C-A	1.1328
YKL139W	-0.1517
YKL140W	-0.1208
YKL141W	0.7637
YKL142W	1.1796
YKL143W	0.5259
YKL144C	0.2006
YKL145W	0.9247
YKL146W	0.2437
YKL148C	0.1584
YKL149C	-0.5078
YKL150W	0.8606
YKL151C	0.0780
YKL152C	3.4830
YKL154W	0.1251
YKL155C	-0.5410
YKL156W	3.3326
YKL157W	0.4110
YKL159C	-0.2019
YKL160W	0.3879
YKL162C	0.3166
YKL164C	2.2503
YKL165C	-0.2119
YKL166C	0.0572
YKL167C	0.7001
YKL168C	-0.5898
YKL170W	2.4442
YKL171W	-1.1462
YKL172W	1.2184
YKL173W	-0.5815
YKL174C	-0.3834
YKL175W	-0.3050
YKL176C	-2.0787
YKL178C	0.1248
YKL179C	-0.4210
YKL180W	2.1444
YKL181W	0.2368
YKL182W	0.3863
YKL183W	-0.1686
YKL184W	0.3036
YKL185W	-0.1532
YKL186C	0.4898
YKL189W	0.0560
YKL190W	0.7483
YKL191W	-0.7191
YKL192C	1.6749
YKL193C	0.5221
YKL194C	-0.5949
YKL195W	0.2174
YKL196C	0.9664
YKL197C	-0.8751
YKL198C	-0.9671
YKL201C	-0.8160
YKL203C	-1.3356
YKL204W	0.5192
YKL205W	-0.7790
YKL206C	-0.0380
YKL207W	0.3387
YKL208W	-0.0322
YKL209C	-0.5600
YKL210W	0.8251
YKL211C	0.4764
YKL212W	0.5570
YKL213C	-0.0365
YKL214C	0.6893
YKL215C	-0.1235
YKL216W	1.2719
YKL218C	-0.1384
YKL219W	-0.6674
YKR001C	0.8769
YKR002W	-0.0590
YKR003W	-0.4913
YKR004C	-0.7345
YKR006C	0.4467
YKR007W	-0.1384
YKR008W	0.2421
YKR009C	-0.0727
YKR010C	-0.7062
YKR011C	0.6877
YKR013W	1.8799
YKR014C	1.3518
YKR016W	-0.1373
YKR017C	-0.4631
YKR018C	-0.1196
YKR019C	-0.3901
YKR020W	0.9402
YKR021W	-0.6416
YKR022C	-0.8469
YKR023W	0.2999
YKR024C	0.1147
YKR025W	0.9400
YKR026C	0.4084
YKR027W	-0.7642
YKR028W	-1.0256
YKR029C	-0.0832
YKR030W	0.0842
YKR031C	-1.0572
YKR036C	-1.0527
YKR037C	0.1633
YKR038C	-0.3547
YKR039W	-0.0933
YKR041W	1.5590
YKR042W	1.7146
YKR043C	1.4586
YKR044W	-1.4076
YKR045C	-0.0575
YKR046C	-0.8779
YKR048C	1.0014
YKR049C	-0.5475
YKR051W	-1.0316
YKR052C	-0.2122
YKR054C	-1.8166
YKR055W	0.4065
YKR056W	0.1269
YKR057W	1.9202
YKR060W	0.0434
YKR061W	-1.0764
YKR062W	0.3355
YKR063C	-0.6523
YKR064W	-1.1561
YKR065C	0.7639
YKR066C	0.4503
YKR067W	-0.3460
YKR068C	0.2871
YKR069W	-0.8953
YKR070W	0.0483
YKR071C	0.8373
YKR072C	-0.2234
YKR074W	0.4403
YKR075C	0.4353
YKR076W	-0.2365
YKR077W	0.7151
YKR078W	-0.5314
YKR079C	-0.9693
YKR080W	0.4948
YKR081C	0.9782
YKR082W	-0.3818
YKR083C	0.0604
YKR084C	0.1034
YKR085C	0.2433
YKR086W	-1.0056
YKR087C	-0.2061
YKR088C	-0.0500
YKR089C	-0.9497
YKR090W	-0.2113
YKR091W	0.0604
YKR092C	1.0561
YKR093W	0.4113
YKR094C	1.6312
YKR095W	-0.8982
YKR095W-A	0.7024
YKR096W	-0.9883
YKR098C	-0.8832
YKR099W	-0.7352
YKR100C	-0.4848
YKR101W	-0.4704
YLL001W	0.2316
YLL002W	-0.2562
YLL003W	-1.1455
YLL004W	-0.2842
YLL006W	-0.4006
YLL007C	-0.1242
YLL008W	0.4814
YLL009C	1.2962
YLL010C	0.0785
YLL011W	0.0066
YLL012W	-0.4000
YLL013C	-0.3631
YLL014W	0.5228
YLL015W	-0.7628
YLL018C	1.2899
YLL018C-A	0.7951
YLL019C	-0.6364
YLL020C	0.4228
YLL021W	-0.0916
YLL022C	0.3503
YLL023C	0.4840
YLL024C	1.9389
YLL026W	1.0447
YLL027W	0.3023
YLL028W	0.1706
YLL029W	-0.3633
YLL031C	-0.5592
YLL032C	-0.4432
YLL033W	-0.6570
YLL034C	-0.1879
YLL035W	-0.5376
YLL036C	0.0311
YLL038C	-0.1664
YLL039C	1.2639
YLL040C	-0.8169
YLL041C	0.5027
YLL042C	-0.6050
YLL043W	-0.3891
YLL045C	3.2478
YLL048C	-0.9060
YLL049W	-1.5242
YLL050C	1.8748
YLL051C	-1.1993
YLL052C	-0.9160
YLL054C	-0.7584
YLL058W	-0.0030
YLL060C	-0.7007
YLL061W	-0.5321
YLL062C	0.0011
YLL063C	0.0828
YLR001C	-0.4124
YLR002C	0.2458
YLR003C	0.2336
YLR005W	-0.1790
YLR006C	-0.6010
YLR007W	-0.8415
YLR008C	0.4807
YLR009W	1.2449
YLR010C	-0.6363
YLR011W	0.5889
YLR014C	-0.8815
YLR015W	-0.2393
YLR016C	-0.5576
YLR017W	0.5033
YLR018C	-0.2007
YLR019W	-0.5056
YLR020C	-0.7711
YLR021W	-0.2580
YLR022C	0.3157
YLR023C	-1.0202
YLR024C	-1.2696
YLR025W	1.2662
YLR026C	0.5596
YLR027C	0.8752
YLR028C	0.3651
YLR029C	2.4623
YLR030W	-0.7017
YLR032W	-0.4468
YLR033W	-0.0743
YLR034C	0.1458
YLR035C	-0.5292
YLR036C	-0.2544
YLR038C	1.6554
YLR039C	-0.6152
YLR040C	1.6059
YLR042C	0.6992
YLR043C	1.5543
YLR044C	2.2882
YLR045C	-0.4161
YLR047C	-1.1743
YLR048W	1.8302
YLR049C	-0.3126
YLR050C	0.0348
YLR051C	0.8832
YLR052W	0.1908
YLR055C	-0.1933
YLR056W	0.6776
YLR057W	-0.7845
YLR058C	1.7097
YLR059C	-0.1016
YLR060W	0.8656
YLR061W	4.4066
YLR063W	0.0895
YLR064W	0.0276
YLR065C	0.4744
YLR066W	0.4531
YLR067C	-1.0954
YLR068W	1.5863
YLR069C	-0.1366
YLR070C	-0.2404
YLR071C	-0.7699
YLR072W	-0.5573
YLR073C	-0.7547
YLR074C	0.9836
YLR075W	3.3265
YLR077W	-0.7516
YLR078C	-0.0571
YLR079W	0.2814
YLR080W	0.6428
YLR082C	0.1259
YLR083C	-0.0644
YLR084C	-0.7834
YLR085C	-0.5376
YLR086W	-0.7923
YLR087C	-1.7081
YLR088W	-0.2741
YLR089C	0.1506
YLR090W	-0.5044
YLR091W	-0.8428
YLR092W	-0.8524
YLR093C	0.5518
YLR094C	-0.2012
YLR095C	-0.4416
YLR096W	-0.7036
YLR097C	-1.0749
YLR098C	-0.8736
YLR099C	-0.7966
YLR099W-A	0.1970
YLR100W	1.1427
YLR102C	0.1830
YLR103C	-0.5814
YLR104W	0.3774
YLR105C	-0.6765
YLR106C	-1.2104
YLR107W	-0.5399
YLR108C	-0.8225
YLR109W	2.5468
YLR110C	2.6006
YLR112W	-1.9514
YLR113W	-0.1074
YLR114C	-0.6967
YLR115W	-0.6821
YLR116W	-0.2772
YLR117C	-0.4742
YLR118C	0.5561
YLR119W	-0.0572
YLR120C	0.1643
YLR121C	-0.7311
YLR125W	-0.9337
YLR126C	0.0155
YLR127C	-0.9426
YLR128W	-0.1768
YLR129W	-0.2062
YLR130C	-1.2017
YLR131C	-0.4052
YLR132C	-0.3652
YLR133W	0.3160
YLR134W	-0.4098
YLR135W	-0.6977
YLR136C	0.3868
YLR137W	-0.5408
YLR138W	-1.1772
YLR139C	0.0782
YLR140W	1.1628
YLR141W	-0.8146
YLR142W	0.5928
YLR143W	-0.0616
YLR144C	-0.3346
YLR145W	-0.6003
YLR146C	-0.2626
YLR146W-A	0.1505
YLR147C	1.0315
YLR148W	-0.2671
YLR149C	-0.1438
YLR150W	2.2021
YLR151C	0.2386
YLR152C	-0.9782
YLR153C	1.1054
YLR154C	0.2250
YLR163C	0.5194
YLR165C	-0.2636
YLR166C	-0.5334
YLR167W	2.0427
YLR168C	-0.6616
YLR170C	2.9838
YLR172C	0.6879
YLR173W	-0.5894
YLR175W	0.9295
YLR176C	-0.3605
YLR177W	-1.0698
YLR178C	0.3004
YLR179C	1.2613
YLR180W	1.5257
YLR181C	0.1209
YLR182W	-0.2872
YLR183C	-0.0369
YLR185W	1.6855
YLR186W	0.6737
YLR187W	-0.1941
YLR188W	-1.1572
YLR189C	-1.2345
YLR190W	-0.5623
YLR191W	-0.2140
YLR192C	1.4856
YLR193C	0.2959
YLR194C	0.6820
YLR195C	0.5226
YLR196W	0.6615
YLR197W	1.3641
YLR199C	0.2072
YLR200W	1.3944
YLR201C	0.1946
YLR203C	-0.2476
YLR204W	0.4651
YLR205C	-0.1676
YLR206W	0.0288
YLR207W	-0.4057
YLR208W	1.2212
YLR209C	0.3011
YLR210W	-0.4159
YLR211C	-0.6121
YLR212C	-0.4733
YLR213C	-0.4554
YLR214W	0.0650
YLR215C	-0.4281
YLR216C	2.0015
YLR218C	0.5837
YLR219W	-0.4697
YLR220W	0.3086
YLR221C	0.5068
YLR222C	-0.0843
YLR223C	-0.5356
YLR224W	-1.4684
YLR225C	0.2802
YLR226W	-0.2466
YLR228C	-0.8245
YLR229C	1.9816
YLR231C	1.0421
YLR234W	-0.4566
YLR237W	-0.8275
YLR238W	-0.3478
YLR239C	-0.2889
YLR240W	-0.7967
YLR241W	-0.5739
YLR242C	-0.6942
YLR243W	0.3528
YLR244C	1.1823
YLR245C	-0.2090
YLR246W	-0.9567
YLR247C	-1.3168
YLR248W	-0.0229
YLR249W	1.2906
YLR250W	0.8667
YLR251W	-0.5220
YLR253W	-0.9047
YLR254C	0.0496
YLR256W	-1.9306
YLR257W	0.6967
YLR258W	-0.2266
YLR259C	1.3554
YLR260W	-0.6855
YLR261C	3.6927
YLR262C	1.1822
YLR262C-A	2.3260
YLR264W	2.2664
YLR265C	-0.7893
YLR266C	-1.2445
YLR267W	-0.0111
YLR268W	0.6011
YLR270W	0.9863
YLR271W	0.0512
YLR272C	-1.0392
YLR273C	-0.3342
YLR274W	-0.0264
YLR275W	0.9437
YLR276C	0.1181
YLR277C	-0.6397
YLR278C	-1.1897
YLR281C	1.2609
YLR283W	0.4997
YLR284C	0.1268
YLR285W	0.5024
YLR286C	1.4268
YLR287C	0.0454
YLR288C	-0.6642
YLR289W	-0.7667
YLR290C	-0.1488
YLR291C	-0.0449
YLR292C	0.7943
YLR293C	1.5310
YLR294C	1.3500
YLR295C	1.3207
YLR297W	0.3158
YLR298C	0.2504
YLR299W	0.2004
YLR300W	0.7332
YLR301W	1.3768
YLR304C	0.6252
YLR305C	-1.2411
YLR306W	-0.1363
YLR309C	-0.5061
YLR310C	-1.3728
YLR312W-A	0.2420
YLR313C	-0.6755
YLR314C	0.7854
YLR315W	0.7133
YLR316C	0.4468
YLR319C	-0.3407
YLR321C	1.3955
YLR323C	-0.0021
YLR324W	-0.2392
YLR325C	2.4111
YLR326W	0.3529
YLR327C	1.6631
YLR328W	0.0697
YLR330W	-0.0370
YLR332W	0.8470
YLR333C	1.5521
YLR335W	0.4687
YLR336C	-0.1801
YLR337C	1.0779
YLR340W	2.9859
YLR342W	-0.2637
YLR344W	1.6593
YLR345W	-0.3959
YLR346C	-0.0062
YLR347C	0.4575
YLR348C	0.9512
YLR350W	1.0063
YLR351C	0.2180
YLR352W	-0.6138
YLR353W	-1.0096
YLR354C	1.5696
YLR355C	2.0189
YLR356W	0.1396
YLR357W	0.3360
YLR359W	0.8105
YLR360W	-1.1018
YLR361C	-0.6795
YLR361C-A	1.3334
YLR362W	-0.1573
YLR363C	0.2412
YLR363W-A	0.9208
YLR364W	0.4903
YLR367W	1.4555
YLR368W	-1.0799
YLR369W	0.1796
YLR370C	1.0336
YLR371W	-1.1701
YLR372W	0.5855
YLR373C	-0.5497
YLR375W	-0.3346
YLR376C	-0.4263
YLR378C	0.9292
YLR380W	0.3300
YLR381W	-0.7124
YLR382C	-0.8574
YLR383W	-1.1668
YLR384C	-0.3121
YLR385C	-0.1934
YLR386W	-0.4453
YLR387C	0.4341
YLR388W	2.4181
YLR389C	-0.4562
YLR390W	0.4016
YLR390W-A	2.1618
YLR392C	-0.6230
YLR393W	-0.0808
YLR395C	1.6621
YLR396C	-0.7250
YLR397C	-0.1594
YLR398C	-0.3553
YLR399C	0.0257
YLR401C	0.0897
YLR402W	-0.8221
YLR403W	-0.4712
YLR404W	-0.5764
YLR405W	-0.2474
YLR406C	1.3905
YLR407W	0.3551
YLR408C	0.3794
YLR409C	-0.1415
YLR410W	-0.1207
YLR411W	-0.6807
YLR412W	-1.0658
YLR413W	0.4438
YLR414C	0.3130
YLR417W	-0.5660
YLR418C	0.6305
YLR419W	-0.5032
YLR420W	0.6276
YLR421C	1.1364
YLR422W	-1.3603
YLR423C	0.0343
YLR424W	-0.1794
YLR425W	-0.9781
YLR426W	-0.8731
YLR427W	-0.6393
YLR429W	0.7720
YLR430W	-1.2746
YLR431C	-0.3950
YLR432W	0.9848
YLR433C	-0.0575
YLR435W	1.8582
YLR436C	-1.2592
YLR437C	0.6558
YLR438C-A	2.0770
YLR438W	1.6587
YLR439W	0.2350
YLR440C	-0.2253
YLR441C	1.5834
YLR442C	-0.5531
YLR443W	-0.5630
YLR446W	-0.8094
YLR447C	0.6417
YLR448W	1.7598
YLR449W	1.1170
YLR450W	-0.7331
YLR451W	-0.6153
YLR452C	-0.5544
YLR453C	-0.3518
YLR454W	-1.7256
YLR455W	-0.5729
YLR456W	-0.2477
YLR457C	1.0078
YLR459W	-0.1541
YLR460C	0.4933
YML001W	1.0505
YML003W	0.1592
YML004C	0.7369
YML005W	-0.6119
YML006C	-0.5994
YML007C-A	0.3724
YML007W	-0.2843
YML008C	1.1322
YML009C	0.8397
YML010W	0.7569
YML011C	-0.3126
YML012W	0.7583
YML013W	0.3192
YML014W	0.2432
YML015C	-0.0203
YML016C	-0.3313
YML017W	0.5335
YML018C	-0.8179
YML019W	-0.1386
YML020W	-0.5888
YML021C	-0.0591
YML022W	1.1495
YML023C	-1.3198
YML024W	1.8896
YML025C	0.3236
YML026C	1.9763
YML027W	0.0681
YML028W	2.2765
YML029W	-0.6409
YML030W	0.4072
YML031W	0.0084
YML032C	-0.7698
YML034W	0.0839
YML035C	-0.1771
YML036W	-0.1036
YML037C	-0.4102
YML038C	-0.9866
YML041C	0.1774
YML043C	-0.8612
YML046W	-0.8318
YML048W	0.6007
YML049C	-0.8354
YML050W	0.2407
YML051W	-2.4886
YML052W	0.4467
YML053C	0.7065
YML055W	0.2938
YML056C	0.2541
YML057W	0.5706
YML058W	2.1086
YML058W-A	1.5775
YML059C	-0.9248
YML060W	0.1905
YML061C	-0.6308
YML062C	0.4066
YML063W	1.8901
YML064C	0.4339
YML065W	-0.4255
YML067C	0.1747
YML068W	-0.9031
YML069W	0.8350
YML070W	0.8584
YML071C	-0.0588
YML072C	-0.3463
YML073C	1.7729
YML074C	1.4774
YML075C	-0.6105
YML076C	-0.4622
YML077W	-0.1100
YML078W	1.4567
YML079W	0.5305
YML080W	0.1006
YML081C-A	1.4131
YML081W	-1.5376
YML082W	-0.6537
YML084W	0.9756
YML085C	0.6166
YML086C	0.7110
YML088W	-0.7155
YML091C	-0.5839
YML092C	1.0642
YML093W	0.3321
YML094W	2.3129
YML095C	-0.1670
YML096W	-0.8429
YML097C	-0.0690
YML098W	0.3145
YML099C	-0.6926
YML100W	-0.1315
YML101C	0.1188
YML101C-A	-0.6295
YML102W	0.5048
YML103C	-0.7001
YML104C	-1.6417
YML105C	0.8841
YML106W	0.6536
YML107C	-0.3904
YML108W	0.4155
YML109W	-0.3318
YML110C	0.1486
YML111W	-0.7192
YML112W	0.1388
YML113W	0.0396
YML114C	-0.6094
YML115C	0.2259
YML116W	-0.5725
YML117W	-0.5254
YML119W	-0.1349
YML120C	0.2522
YML121W	-0.2280
YML123C	1.0943
YML124C	0.0983
YML125C	0.2327
YML126C	1.2369
YML127W	-0.1767
YML128C	-0.4477
YML129C	1.5303
YML130C	0.2737
YML131W	0.3320
YMR001C	-0.3849
YMR001C-A	-1.5713
YMR002W	1.7400
YMR003W	0.1835
YMR004W	-0.0745
YMR005W	0.1874
YMR006C	0.0691
YMR008C	0.4337
YMR009W	0.5267
YMR010W	-0.6377
YMR011W	0.7812
YMR012W	0.0523
YMR013C	-0.5366
YMR014W	0.3867
YMR015C	0.7255
YMR016C	-0.4264
YMR019W	-0.9605
YMR020W	-0.8363
YMR021C	-0.1994
YMR022W	0.5645
YMR023C	-0.7637
YMR024W	-0.1041
YMR025W	-0.1625
YMR026C	-0.8705
YMR027W	0.6292
YMR028W	0.1768
YMR029C	-0.4992
YMR030W	0.0334
YMR031C	0.5240
YMR032W	-0.5543
YMR033W	-0.0100
YMR034C	-0.6891
YMR035W	-0.6440
YMR036C	-0.5159
YMR037C	-0.1975
YMR038C	0.9748
YMR039C	1.1026
YMR040W	-0.2264
YMR041C	-0.2151
YMR042W	-0.6806
YMR043W	0.6038
YMR044W	0.4196
YMR047C	-0.1874
YMR048W	0.0805
YMR049C	0.5878
YMR052W	0.6408
YMR054W	-0.6287
YMR055C	-0.4261
YMR056C	-0.7937
YMR058W	0.5093
YMR059W	0.0365
YMR060C	-0.0356
YMR061W	-0.5217
YMR062C	-0.0960
YMR063W	-0.9489
YMR064W	-1.2963
YMR066W	-0.6553
YMR067C	0.0317
YMR068W	-0.1305
YMR069W	-0.3158
YMR070W	-0.0374
YMR071C	0.9099
YMR072W	1.6587
YMR073C	-0.2437
YMR074C	0.5959
YMR075W	0.0832
YMR076C	-0.3577
YMR077C	0.1627
YMR078C	-0.8804
YMR079W	0.9712
YMR080C	-0.5699
YMR083W	0.8963
YMR086W	-0.2061
YMR087W	-0.4493
YMR088C	-0.6379
YMR089C	-0.7574
YMR090W	-0.2059
YMR091C	0.5599
YMR092C	0.5188
YMR093W	0.0117
YMR094W	-0.5911
YMR097C	-0.6006
YMR098C	-0.7866
YMR099C	0.9789
YMR100W	-1.0561
YMR102C	-0.7442
YMR104C	-0.3590
YMR105C	0.3876
YMR106C	-0.3496
YMR108W	0.8749
YMR109W	-0.5921
YMR110C	0.0522
YMR111C	-0.4538
YMR112C	0.5524
YMR113W	-0.2137
YMR114C	-0.4390
YMR115W	-0.2336
YMR116C	1.7270
YMR117C	-0.0621
YMR119W	-0.8457
YMR120C	0.8947
YMR121C	1.4717
YMR122W-A	2.5626
YMR123W	0.8330
YMR124W	-0.3266
YMR125W	-0.1349
YMR126C	-0.9011
YMR127C	-1.0262
YMR128W	0.0968
YMR129W	-0.6652
YMR130W	-0.1027
YMR131C	0.2134
YMR132C	-0.2180
YMR134W	0.3312
YMR135C	-0.0809
YMR136W	0.1328
YMR137C	-0.0180
YMR138W	-0.3563
YMR139W	-0.1949
YMR140W	-0.2548
YMR142C	1.8810
YMR143W	1.1335
YMR144W	-0.0387
YMR145C	0.1818
YMR146C	1.1655
YMR147W	0.3529
YMR148W	-0.4334
YMR149W	0.3815
YMR150C	-0.1078
YMR152W	0.4576
YMR153W	0.9107
YMR154C	-0.6168
YMR155W	-0.4756
YMR156C	0.2582
YMR157C	-0.0433
YMR158W	0.4387
YMR160W	-0.4069
YMR161W	0.7808
YMR162C	-1.1794
YMR163C	-0.7126
YMR164C	-0.2783
YMR165C	-0.6724
YMR166C	-0.5591
YMR167W	-0.5987
YMR168C	-1.0222
YMR170C	0.0109
YMR171C	-1.0698
YMR172W	0.0575
YMR173W	2.6932
YMR174C	1.3995
YMR176W	-1.4885
YMR177W	-0.2417
YMR178W	0.2431
YMR179W	-0.6799
YMR180C	-0.8679
YMR181C	-0.2904
YMR182C	-0.3979
YMR183C	1.0444
YMR184W	0.6122
YMR185W	-0.8608
YMR186W	1.3658
YMR187C	-0.3804
YMR188C	0.5693
YMR189W	-0.2438
YMR190C	-1.3532
YMR191W	-0.5453
YMR192W	-0.1497
YMR193W	0.7738
YMR194C-A	-0.7238
YMR194C-B	-0.6018
YMR194W	1.8332
YMR195W	0.7537
YMR196W	-0.4330
YMR197C	0.7812
YMR198W	-0.5765
YMR199W	-0.4348
YMR200W	0.7778
YMR201C	-0.0746
YMR202W	0.4779
YMR203W	1.1819
YMR204C	-0.3439
YMR205C	1.0837
YMR207C	-1.5335
YMR208W	0.4648
YMR209C	-0.5970
YMR210W	-0.3731
YMR211W	-0.4184
YMR212C	-0.5858
YMR213W	-0.0809
YMR214W	0.3801
YMR215W	0.5196
YMR216C	-0.6937
YMR217W	1.0841
YMR218C	-0.7887
YMR219W	-0.3077
YMR220W	-0.1548
YMR221C	-0.3499
YMR222C	0.7911
YMR223W	-0.3850
YMR224C	-0.3205
YMR225C	0.5351
YMR226C	1.1743
YMR227C	0.7611
YMR228W	-0.4529
YMR229C	0.0854
YMR230W	1.5278
YMR231W	-0.5554
YMR233W	0.0631
YMR234W	-0.6467
YMR235C	0.5698
YMR236W	0.5150
YMR237W	-0.2586
YMR238W	0.2323
YMR239C	-0.3676
YMR240C	-0.1626
YMR241W	0.6556
YMR242C	1.3628
YMR243C	0.0511
YMR244C-A	2.8247
YMR246W	0.4951
YMR247C	-0.7022
YMR250W	-0.1660
YMR251W-A	2.2069
YMR252C	-1.0567
YMR253C	-0.3405
YMR255W	0.2568
YMR256C	1.7858
YMR257C	-1.3564
YMR258C	-0.8954
YMR259C	-0.6713
YMR260C	1.2983
YMR261C	0.1184
YMR262W	-0.7615
YMR263W	0.6915
YMR264W	-0.2038
YMR265C	-0.6362
YMR266W	-0.5873
YMR267W	-0.0217
YMR268C	-0.3788
YMR269W	2.4455
YMR270C	-1.3328
YMR271C	-0.6293
YMR272C	0.9455
YMR273C	-0.4886
YMR274C	-0.0359
YMR275C	-0.7440
YMR276W	1.3009
YMR277W	-0.6655
YMR278W	-0.0203
YMR280C	-0.6526
YMR281W	0.1586
YMR282C	-0.8439
YMR283C	-0.5302
YMR284W	-0.4735
YMR285C	-0.0151
YMR286W	0.7505
YMR287C	-0.7452
YMR288W	-0.2828
YMR289W	-0.3689
YMR290C	1.1878
YMR291W	0.1659
YMR292W	0.2407
YMR293C	-0.2313
YMR294W	-0.3088
YMR295C	2.5727
YMR296C	0.0945
YMR297W	0.4364
YMR298W	0.9933
YMR299C	-0.7633
YMR300C	0.5175
YMR301C	-0.5157
YMR302C	-0.7951
YMR303C	-0.7219
YMR304C-A	3.0416
YMR304W	-0.5879
YMR305C	0.9143
YMR307W	1.5814
YMR308C	-0.3972
YMR309C	0.5789
YMR310C	0.0275
YMR311C	0.9856
YMR312W	0.1706
YMR313C	-0.9224
YMR314W	0.7121
YMR315W	0.9815
YMR316W	0.0223
YMR318C	1.0706
YMR319C	-0.6139
YNL001W	0.2772
YNL002C	0.7436
YNL003C	-0.5041
YNL004W	0.2915
YNL005C	-0.2086
YNL006W	-0.5008
YNL007C	1.6149
YNL008C	-0.8334
YNL009W	-0.1551
YNL010W	1.0991
YNL011C	-0.5398
YNL015W	1.5964
YNL016W	1.3008
YNL020C	-1.1485
YNL021W	-0.1571
YNL022C	-0.0086
YNL023C	-0.8818
YNL024C	-0.0825
YNL024C-A	1.1689
YNL025C	-0.6836
YNL026W	-0.1837
YNL027W	-0.0280
YNL029C	-0.6636
YNL031C	1.7728
YNL032W	-0.2303
YNL035C	-0.0002
YNL036W	1.3727
YNL037C	1.0671
YNL038W	-1.0934
YNL039W	-0.1643
YNL040W	-0.5032
YNL041C	-0.7177
YNL042W	-0.7145
YNL043C	-1.7326
YNL044W	1.9699
YNL045W	0.1979
YNL046W	-0.3753
YNL047C	-0.7387
YNL048W	-0.4912
YNL049C	-0.6347
YNL050C	0.4416
YNL051W	-0.3392
YNL052W	1.2049
YNL053W	-0.9778
YNL054W	-0.5746
YNL055C	1.8626
YNL056W	-0.6794
YNL058C	1.1739
YNL059C	-0.4583
YNL061W	0.5278
YNL062C	0.2148
YNL063W	-0.9386
YNL064C	1.5926
YNL065W	-0.3132
YNL066W	0.5390
YNL067W	1.5876
YNL068C	-0.6235
YNL069C	2.0787
YNL070W	1.9199
YNL071W	1.2307
YNL072W	-0.1956
YNL073W	-1.2269
YNL074C	0.1937
YNL075W	0.6230
YNL076W	-0.5715
YNL077W	-0.4026
YNL078W	-0.6172
YNL079C	1.9300
YNL080C	-1.0050
YNL081C	0.7729
YNL082W	-0.3034
YNL083W	-0.4885
YNL084C	0.5978
YNL085W	-0.3667
YNL086W	0.3811
YNL087W	-0.5219
YNL088W	-0.4025
YNL090W	1.7104
YNL091W	-0.7700
YNL092W	0.1563
YNL094W	-1.5869
YNL095C	-1.0600
YNL096C	2.2402
YNL097C	0.3304
YNL098C	0.8718
YNL099C	-0.2057
YNL100W	-0.0908
YNL101W	-1.0779
YNL102W	-0.4750
YNL103W	-0.4851
YNL104C	0.7406
YNL106C	-0.0180
YNL107W	-0.0066
YNL108C	2.0669
YNL110C	1.2660
YNL111C	1.4999
YNL112W	1.0601
YNL113W	2.7220
YNL115C	0.0518
YNL116W	0.0476
YNL118C	-0.2112
YNL119W	0.2870
YNL121C	0.5772
YNL122C	1.1303
YNL123W	-0.0388
YNL124W	0.1737
YNL125C	-0.8248
YNL126W	-0.9469
YNL127W	-0.8502
YNL129W	0.0282
YNL130C	-0.1809
YNL131W	1.3190
YNL132W	0.0654
YNL133C	0.2702
YNL134C	1.0210
YNL135C	1.6782
YNL136W	-0.1323
YNL137C	-0.0221
YNL138W	0.7860
YNL138W-A	0.6240
YNL139C	-0.7843
YNL140C	1.9464
YNL141W	0.3098
YNL142W	-0.4999
YNL143C	-5.3351
YNL144C	-0.0864
YNL145W	1.9199
YNL146W	0.4015
YNL147W	1.3596
YNL148C	-0.0635
YNL149C	2.6935
YNL151C	0.6828
YNL152W	-0.3262
YNL153C	0.8799
YNL154C	0.2844
YNL155W	0.1694
YNL156C	-0.1762
YNL157W	0.2191
YNL158W	-0.0205
YNL159C	-0.1645
YNL160W	1.1934
YNL161W	-0.1651
YNL162W-A	0.2766
YNL163C	-0.2068
YNL164C	-0.0058
YNL165W	-0.2542
YNL166C	0.6227
YNL167C	-0.5300
YNL168C	0.3171
YNL169C	-0.1203
YNL172W	-0.8696
YNL173C	0.3313
YNL175C	1.8448
YNL176C	-0.6466
YNL177C	0.3210
YNL178W	1.9713
YNL179C	-0.7925
YNL180C	-0.2840
YNL181W	0.3520
YNL182C	-0.2364
YNL183C	-0.3392
YNL185C	0.8189
YNL186W	-0.5841
YNL187W	-1.6429
YNL188W	-1.0236
YNL189W	0.9505
YNL190W	0.9533
YNL191W	-0.1805
YNL192W	-0.5031
YNL193W	-0.5871
YNL195C	-0.0437
YNL197C	0.0222
YNL198C	0.7983
YNL199C	-0.3676
YNL200C	0.3357
YNL201C	-0.6148
YNL202W	1.0262
YNL206C	-0.7667
YNL207W	0.5640
YNL208W	1.6483
YNL209W	1.5627
YNL211C	-0.6233
YNL212W	-0.0133
YNL213C	-0.9841
YNL214W	0.1096
YNL215W	1.2428
YNL216W	0.4004
YNL217W	-0.5693
YNL218W	-0.3603
YNL219C	-0.4198
YNL220W	0.9865
YNL221C	-0.8917
YNL222W	0.5500
YNL223W	-0.3430
YNL224C	-0.0618
YNL225C	-0.4593
YNL227C	0.6692
YNL229C	0.6832
YNL230C	-0.6770
YNL231C	0.9377
YNL232W	0.3441
YNL233W	-0.3180
YNL234W	-0.3399
YNL236W	-0.5002
YNL237W	-0.5135
YNL238W	-0.6681
YNL239W	0.2963
YNL240C	-0.5237
YNL241C	0.5163
YNL242W	-0.5289
YNL243W	0.0319
YNL244C	1.4073
YNL245C	-0.8095
YNL246W	0.0418
YNL247W	0.4458
YNL248C	0.5626
YNL249C	-0.7890
YNL250W	-0.8497
YNL251C	0.3930
YNL252C	0.1619
YNL253W	-0.1335
YNL254C	-0.7587
YNL255C	1.8174
YNL256W	-0.6416
YNL257C	-1.4082
YNL258C	-0.5814
YNL259C	0.7743
YNL260C	0.7775
YNL261W	-0.8152
YNL262W	-0.9205
YNL263C	0.6489
YNL264C	-0.1010
YNL265C	1.7097
YNL267W	-0.7174
YNL268W	0.4803
YNL271C	-1.4376
YNL272C	-1.0338
YNL273W	-0.9448
YNL274C	0.4950
YNL275W	-0.6546
YNL276C	0.2183
YNL277W	0.5041
YNL278W	-0.4341
YNL279W	-0.7824
YNL280C	-0.0590
YNL281W	0.7211
YNL282W	-0.4530
YNL283C	-0.9610
YNL284C	0.1062
YNL286W	-0.3848
YNL287W	0.1432
YNL288W	0.1110
YNL289W	0.1290
YNL290W	0.1446
YNL291C	-0.9379
YNL292W	0.4504
YNL293W	-0.3138
YNL294C	-1.3764
YNL295W	-0.6473
YNL297C	-0.5923
YNL298W	-0.5379
YNL299W	-0.3361
YNL300W	1.7857
YNL301C	1.1183
YNL302C	2.0207
YNL304W	-0.2809
YNL305C	0.2877
YNL306W	0.2055
YNL307C	0.2820
YNL308C	0.8211
YNL309W	0.0685
YNL310C	0.5733
YNL311C	-0.5707
YNL312W	0.8702
YNL313C	-0.2983
YNL314W	-0.7178
YNL315C	-0.0074
YNL316C	0.1439
YNL317W	-0.2739
YNL320W	-0.1218
YNL321W	-0.5905
YNL322C	0.4597
YNL323W	0.2116
YNL325C	0.1618
YNL326C	-0.6165
YNL327W	0.4848
YNL328C	-0.4754
YNL329C	-1.4544
YNL330C	-0.0853
YNR001C	0.4554
YNR003C	0.7967
YNR004W	-0.5622
YNR006W	0.8530
YNR007C	0.4424
YNR008W	0.2924
YNR009W	0.6620
YNR010W	0.3990
YNR011C	-0.5030
YNR012W	-0.1379
YNR013C	-0.1590
YNR014W	0.6354
YNR015W	-0.1895
YNR016C	0.2069
YNR017W	0.6042
YNR018W	0.6334
YNR019W	0.3662
YNR020C	0.6135
YNR021W	0.4411
YNR022C	0.3044
YNR023W	-0.0343
YNR024W	1.7450
YNR026C	0.4291
YNR027W	-0.3783
YNR028W	-0.0194
YNR029C	0.0140
YNR030W	-0.2109
YNR031C	-1.3920
YNR032C-A	0.3691
YNR032W	-0.5699
YNR033W	-0.4894
YNR034W	0.7908
YNR034W-A	0.6794
YNR035C	0.7180
YNR036C	0.3557
YNR037C	0.5908
YNR038W	-0.1923
YNR039C	-0.5855
YNR040W	-0.1923
YNR041C	1.0108
YNR043W	0.8489
YNR044W	0.5506
YNR045W	-0.6220
YNR046W	1.0668
YNR047W	-0.9346
YNR048W	-0.1295
YNR049C	0.0117
YNR050C	0.7355
YNR051C	-0.5187
YNR052C	0.1206
YNR053C	0.2601
YNR054C	0.9206
YNR055C	-0.9653
YNR057C	-0.2619
YNR059W	-0.8796
YNR060W	-0.1783
YNR061C	0.2939
YNR063W	-0.2849
YNR066C	-0.6486
YNR067C	0.1021
YNR074C	-0.3664
YNR075W	-0.9063
YOL001W	-1.0977
YOL002C	-0.0237
YOL003C	-0.4942
YOL004W	-0.4935
YOL005C	1.2920
YOL006C	-0.0768
YOL007C	0.2776
YOL008W	0.0093
YOL009C	-0.0313
YOL010W	0.3735
YOL011W	-1.4695
YOL012C	0.9529
YOL013C	-0.7251
YOL014W	-0.1603
YOL016C	-0.0295
YOL017W	-0.2788
YOL018C	0.2205
YOL019W	-0.2335
YOL020W	-0.7813
YOL021C	-0.0147
YOL022C	0.3406
YOL023W	-0.6883
YOL025W	-0.5600
YOL026C	0.6529
YOL027C	0.1980
YOL028C	-0.2391
YOL030W	0.8785
YOL031C	0.0893
YOL032W	0.6019
YOL033W	-0.6881
YOL034W	-0.7320
YOL036W	-0.5835
YOL038C-A	-2.2291
YOL038W	0.9672
YOL039W	1.9775
YOL040C	2.2297
YOL041C	0.8235
YOL042W	-0.3895
YOL043C	-0.7222
YOL044W	-0.0944
YOL045W	-0.1513
YOL048C	-0.7590
YOL049W	-0.4032
YOL051W	-0.1401
YOL052C	0.3881
YOL052C-A	1.1707
YOL053W	-0.2319
YOL054W	0.4521
YOL055C	-0.3932
YOL056W	0.3063
YOL057W	0.0240
YOL058W	0.3686
YOL059W	0.6935
YOL060C	-0.3136
YOL061W	0.3373
YOL062C	-1.0501
YOL063C	-1.2394
YOL064C	0.5397
YOL065C	0.0544
YOL066C	-0.3707
YOL067C	0.0684
YOL068C	-1.4596
YOL069W	-0.8871
YOL070C	0.4168
YOL071W	0.6637
YOL072W	-0.4552
YOL073C	-0.3666
YOL075C	-0.9820
YOL076W	-0.2569
YOL077C	0.6066
YOL077W-A	1.7589
YOL078W	-0.6664
YOL080C	1.3146
YOL081W	-1.8612
YOL082W	-0.7215
YOL083W	0.1701
YOL086C	2.2375
YOL086W-A	-0.1206
YOL087C	-0.9171
YOL088C	0.0955
YOL089C	-0.4890
YOL090W	-0.2193
YOL092W	0.4748
YOL093W	0.8571
YOL094C	0.5616
YOL095C	-0.7678
YOL096C	0.2845
YOL097C	0.8514
YOL098C	-0.3382
YOL100W	-0.5809
YOL101C	0.2190
YOL102C	0.0830
YOL103W	-1.5519
YOL105C	-0.7828
YOL107W	0.2271
YOL108C	0.5818
YOL109W	2.4870
YOL110W	-0.6792
YOL111C	1.0143
YOL112W	-0.7429
YOL113W	-1.8095
YOL114C	-0.5087
YOL115W	-0.3780
YOL116W	-0.2793
YOL117W	-0.4820
YOL119C	0.0350
YOL120C	1.8911
YOL121C	2.2659
YOL122C	-0.2881
YOL123W	0.8125
YOL124C	0.2248
YOL125W	-0.7117
YOL126C	0.3429
YOL127W	2.0300
YOL128C	-0.7693
YOL129W	0.4482
YOL130W	-1.0111
YOL133W	2.3338
YOL135C	0.2193
YOL136C	-0.7354
YOL137W	0.1326
YOL138C	-0.9384
YOL139C	1.2546
YOL140W	-1.0082
YOL141W	-0.1845
YOL142W	0.4251
YOL143C	1.4081
YOL144W	0.3102
YOL145C	-0.1237
YOL146W	0.2122
YOL147C	0.4522
YOL148C	-0.5282
YOL149W	0.3298
YOL151W	1.2092
YOL152W	-0.4450
YOL154W	-1.1454
YOL155C	-0.8005
YOL158C	-0.4591
YOL159C	-0.1684
YOL159C-A	-0.2187
YOL164W	-0.7493
YOR001W	-0.4499
YOR002W	-0.8319
YOR003W	0.1014
YOR004W	0.6734
YOR005C	-0.5329
YOR006C	0.5288
YOR007C	0.7063
YOR008C	0.1917
YOR009W	0.4217
YOR010C	0.6441
YOR011W	-1.2058
YOR012W	-0.6575
YOR014W	-0.3175
YOR016C	0.3455
YOR017W	-0.9404
YOR018W	-0.4162
YOR020C	1.6717
YOR020W-A	0.6399
YOR021C	1.2104
YOR022C	-0.3770
YOR023C	0.0013
YOR025W	-0.5957
YOR026W	-1.1480
YOR027W	1.5810
YOR028C	-0.0146
YOR030W	-1.0965
YOR033C	-1.2205
YOR034C	-1.0216
YOR035C	-0.5629
YOR036W	0.0693
YOR037W	-0.2562
YOR038C	-0.3934
YOR039W	0.2380
YOR040W	-0.3260
YOR042W	1.1793
YOR043W	-0.6390
YOR044W	-0.2099
YOR045W	1.8961
YOR046C	0.7024
YOR047C	-0.5525
YOR048C	-0.5115
YOR049C	-0.8170
YOR051C	0.3777
YOR052C	1.3303
YOR054C	0.7412
YOR056C	0.2190
YOR057W	-0.1705
YOR058C	-0.7681
YOR059C	-1.1112
YOR060C	-1.2541
YOR061W	0.3744
YOR062C	-0.5810
YOR063W	1.9784
YOR064C	-0.8873
YOR065W	0.2388
YOR066W	-0.0190
YOR067C	-0.3779
YOR069W	0.6668
YOR070C	-0.3672
YOR071C	-0.7451
YOR073W	-1.0481
YOR074C	1.4727
YOR075W	-0.2345
YOR076C	-0.4613
YOR077W	0.4445
YOR078W	0.2567
YOR079C	0.1629
YOR080W	-1.0225
YOR081C	-0.5637
YOR083W	0.4339
YOR085W	0.3787
YOR086C	-0.2576
YOR087W	-0.3631
YOR089C	1.3740
YOR090C	-0.5825
YOR091W	0.7049
YOR092W	-0.5849
YOR093C	-1.0129
YOR094W	0.7583
YOR095C	0.8251
YOR096W	1.7265
YOR097C	-0.0555
YOR098C	-0.3661
YOR099W	0.3801
YOR101W	0.2424
YOR103C	2.8163
YOR104W	0.4360
YOR106W	-0.1375
YOR108W	0.2690
YOR109W	-0.5535
YOR110W	-0.1234
YOR111W	0.1855
YOR112W	-0.1639
YOR113W	-0.5284
YOR114W	0.2173
YOR115C	-0.2167
YOR116C	-0.6437
YOR117W	0.7482
YOR118W	-0.8001
YOR119C	0.0337
YOR120W	0.2806
YOR122C	1.5282
YOR123C	0.7753
YOR124C	-0.3301
YOR125C	0.0941
YOR126C	0.0123
YOR127W	-1.0992
YOR128C	0.5476
YOR129C	-0.7078
YOR130C	-0.2178
YOR131C	0.5212
YOR132W	-0.2882
YOR136W	2.0490
YOR137C	-1.0768
YOR138C	-0.3752
YOR140W	0.1831
YOR141C	-0.0373
YOR142W	0.9664
YOR143C	-0.0667
YOR144C	-0.7250
YOR145C	1.6734
YOR147W	-0.8780
YOR148C	-0.9301
YOR149C	-1.0738
YOR150W	0.0793
YOR151C	-0.3215
YOR152C	-0.9344
YOR153W	0.3675
YOR154W	-0.8903
YOR155C	-0.1291
YOR156C	-0.3171
YOR157C	1.0340
YOR158W	0.0990
YOR159C	1.3595
YOR160W	-0.3915
YOR161C	-0.0237
YOR162C	-0.9224
YOR163W	0.6256
YOR164C	0.6255
YOR165W	-0.0706
YOR166C	-0.8127
YOR167C	2.0849
YOR168W	1.0595
YOR171C	0.3314
YOR172W	-1.2571
YOR173W	-0.6418
YOR174W	-0.1790
YOR175C	-0.2975
YOR176W	0.6068
YOR177C	0.0306
YOR179C	0.0887
YOR181W	0.2771
YOR184W	0.8896
YOR185C	0.3263
YOR187W	0.4782
YOR188W	-0.6565
YOR189W	0.5724
YOR191W	-1.1105
YOR193W	-1.4088
YOR194C	0.6502
YOR195W	-0.0936
YOR196C	-0.3085
YOR197W	0.6126
YOR198C	1.4935
YOR201C	-0.1763
YOR202W	1.4541
YOR204W	1.1714
YOR205C	-1.2591
YOR206W	0.2618
YOR207C	-0.4143
YOR208W	-0.7995
YOR209C	0.4322
YOR210W	1.4697
YOR211C	-0.4623
YOR212W	-0.0037
YOR213C	-0.5906
YOR215C	0.8182
YOR216C	-0.1708
YOR217W	0.2453
YOR219C	-0.6523
YOR220W	0.5725
YOR221C	-0.1989
YOR222W	-0.6971
YOR223W	0.4578
YOR224C	0.9946
YOR226C	1.3756
YOR227W	-1.2458
YOR228C	-0.1657
YOR229W	-0.2189
YOR230W	0.8866
YOR231W	-0.3320
YOR232W	1.0274
YOR233W	-0.7423
YOR234C	1.4166
YOR236W	-0.1049
YOR237W	0.2193
YOR238W	-0.3961
YOR239W	0.9171
YOR241W	-0.1217
YOR243C	0.0267
YOR244W	-0.5655
YOR245C	-0.3542
YOR246C	-0.8362
YOR247W	2.2236
YOR249C	-0.5567
YOR250C	-0.2156
YOR251C	0.5219
YOR252W	1.1974
YOR253W	0.5990
YOR254C	0.2259
YOR256C	-0.8212
YOR257W	1.2977
YOR258W	-0.5136
YOR259C	0.7513
YOR260W	-0.1793
YOR261C	0.6259
YOR262W	0.0570
YOR264W	0.9684
YOR265W	1.2556
YOR266W	-0.6063
YOR267C	-0.1449
YOR269W	-0.7267
YOR270C	0.1626
YOR271C	0.6586
YOR272W	0.5873
YOR273C	-0.1394
YOR274W	-0.0866
YOR275C	-1.1487
YOR276W	2.6407
YOR278W	-0.4017
YOR279C	0.3431
YOR280C	0.5782
YOR281C	0.8675
YOR283W	0.9371
YOR284W	-0.3889
YOR285W	1.1004
YOR286W	0.9138
YOR287C	0.7739
YOR288C	0.3519
YOR289W	0.1236
YOR290C	-1.0391
YOR291W	-0.9618
YOR292C	-0.2738
YOR293W	2.1020
YOR294W	1.1098
YOR295W	-0.3989
YOR296W	-0.9545
YOR297C	0.0931
YOR298C-A	1.8490
YOR299W	-0.7464
YOR301W	-0.3661
YOR302W	0.2260
YOR303W	-0.6700
YOR304C-A	0.0911
YOR304W	-0.6786
YOR305W	-1.1364
YOR306C	-1.2888
YOR307C	-0.7922
YOR308C	-0.0874
YOR309C	3.4369
YOR310C	1.2297
YOR311C	0.0688
YOR312C	1.1429
YOR315W	-0.2144
YOR316C	0.1704
YOR317W	0.6783
YOR319W	-0.6013
YOR320C	-0.6759
YOR321W	-0.3560
YOR322C	-0.9385
YOR323C	1.0727
YOR324C	-0.0914
YOR326W	-0.6475
YOR327C	1.3514
YOR329C	-0.5543
YOR330C	-1.3187
YOR332W	3.4705
YOR334W	0.7881
YOR335C	0.9051
YOR336W	-0.9296
YOR337W	-0.7466
YOR339C	-0.0518
YOR340C	0.7345
YOR341W	-0.3544
YOR342C	-0.3124
YOR344C	0.7013
YOR346W	-0.9088
YOR347C	0.0486
YOR349W	-1.0025
YOR350C	-1.0352
YOR352W	0.1136
YOR353C	-0.7377
YOR354C	-0.6853
YOR355W	-0.5529
YOR356W	-0.3748
YOR357C	0.3445
YOR358W	-0.3078
YOR359W	-0.1568
YOR360C	-0.6053
YOR361C	0.8683
YOR362C	0.7916
YOR363C	-0.8134
YOR367W	0.0966
YOR368W	-0.5274
YOR369C	1.7858
YOR370C	-0.7978
YOR371C	-0.9169
YOR372C	-0.3489
YOR373W	-0.2926
YOR374W	0.6035
YOR375C	1.1009
YOR377W	-0.6902
YOR378W	-0.1643
YOR379C	1.3404
YOR380W	-0.8750
YOR382W	1.7813
YOR383C	1.7226
YOR384W	-1.2943
YOR385W	-0.0013
YOR386W	-0.3102
YOR389W	0.0955
YPL001W	0.2831
YPL002C	-0.4814
YPL003W	-0.9901
YPL004C	1.1348
YPL005W	-0.6542
YPL006W	-0.7439
YPL007C	-0.5751
YPL008W	-0.9701
YPL009C	0.0051
YPL010W	0.9907
YPL011C	-0.6736
YPL012W	-0.1820
YPL013C	0.5234
YPL014W	0.0779
YPL015C	-1.0493
YPL016W	-0.3046
YPL017C	-1.7631
YPL018W	-0.1345
YPL019C	0.3994
YPL020C	-0.6265
YPL022W	-1.4418
YPL023C	-0.0971
YPL024W	-0.9723
YPL026C	-0.4251
YPL028W	1.2201
YPL029W	-0.9105
YPL030W	-0.0006
YPL031C	0.2001
YPL032C	-0.0962
YPL034W	0.0787
YPL036W	-0.8444
YPL037C	2.1055
YPL038W	-0.2220
YPL039W	-0.4342
YPL040C	-0.9460
YPL041C	-0.5607
YPL042C	-0.9386
YPL043W	1.3096
YPL045W	-0.8196
YPL046C	0.3314
YPL047W	-0.5502
YPL048W	1.1091
YPL049C	-0.1061
YPL050C	-0.1020
YPL051W	0.0226
YPL052W	0.0007
YPL053C	0.0155
YPL055C	0.1439
YPL057C	-0.3741
YPL058C	-0.8205
YPL059W	0.9767
YPL060W	-0.3186
YPL061W	1.7889
YPL063W	0.4687
YPL064C	-0.9020
YPL065W	0.0051
YPL066W	-1.2882
YPL067C	0.4623
YPL068C	-0.0333
YPL069C	-0.6492
YPL070W	-0.1983
YPL071C	-0.3565
YPL072W	-0.4502
YPL074W	-0.4921
YPL075W	-1.9040
YPL076W	-0.2836
YPL077C	-0.1203
YPL078C	0.7187
YPL079W	1.6185
YPL081W	1.3605
YPL082C	-1.4547
YPL083C	-1.0016
YPL084W	-0.2887
YPL085W	-0.1622
YPL086C	0.1883
YPL087W	-0.1328
YPL088W	-0.6491
YPL089C	-0.6346
YPL091W	0.9380
YPL092W	-0.6656
YPL093W	0.0874
YPL094C	0.4539
YPL095C	-0.7114
YPL096C-A	-0.0492
YPL096W	0.0087
YPL097W	-0.5598
YPL098C	1.3598
YPL099C	0.1983
YPL100W	-0.1543
YPL101W	0.1570
YPL103C	-0.3398
YPL104W	-0.7130
YPL105C	-0.4913
YPL106C	1.6212
YPL107W	0.1394
YPL108W	0.6321
YPL109C	-0.7335
YPL110C	-0.3447
YPL111W	1.1659
YPL112C	-0.0582
YPL113C	0.6242
YPL114W	0.9451
YPL115C	-0.9665
YPL116W	-0.4856
YPL117C	1.3449
YPL118W	-0.1044
YPL119C	-0.0694
YPL120W	-0.4548
YPL122C	-0.7023
YPL123C	0.4676
YPL124W	0.6035
YPL125W	-0.4968
YPL126W	-0.0696
YPL127C	1.3641
YPL128C	-0.1924
YPL129W	0.9130
YPL131W	2.0340
YPL132W	-0.3856
YPL133C	-0.9933
YPL134C	-0.7144
YPL135W	1.8784
YPL137C	-0.8552
YPL138C	-0.4946
YPL139C	0.5651
YPL140C	-0.3992
YPL141C	-0.9019
YPL143W	3.3754
YPL144W	0.0613
YPL145C	0.6299
YPL146C	0.5634
YPL147W	-0.0744
YPL148C	-0.6824
YPL149W	-1.2960
YPL150W	-0.9957
YPL151C	-0.7721
YPL152W	-0.0971
YPL153C	-0.5058
YPL154C	0.8982
YPL155C	-0.5617
YPL156C	-0.3868
YPL157W	-0.3042
YPL158C	-0.1775
YPL159C	0.2976
YPL160W	0.7626
YPL161C	-0.2347
YPL162C	-0.6228
YPL163C	1.2996
YPL164C	-0.8131
YPL166W	-0.0534
YPL168W	-0.5686
YPL169C	0.1529
YPL170W	1.0479
YPL172C	-0.7410
YPL173W	0.4769
YPL174C	-1.0490
YPL175W	-0.6173
YPL176C	-0.5139
YPL177C	0.1735
YPL178W	0.5152
YPL179W	-0.6608
YPL180W	-0.4942
YPL181W	0.5325
YPL183C	-0.3629
YPL183W-A	0.9117
YPL184C	-0.3448
YPL186C	0.8010
YPL187W	0.5837
YPL188W	0.2916
YPL189C-A	0.9500
YPL190C	0.5864
YPL191C	-0.4963
YPL193W	-0.6436
YPL194W	-0.7657
YPL195W	-0.4311
YPL196W	0.2866
YPL198W	1.9614
YPL199C	0.5984
YPL202C	-0.0015
YPL203W	-0.0024
YPL204W	0.1658
YPL206C	0.6416
YPL207W	-0.6243
YPL208W	-0.6079
YPL209C	0.0504
YPL210C	0.0724
YPL211W	0.9073
YPL212C	0.2209
YPL213W	0.6266
YPL214C	-0.9180
YPL215W	0.1076
YPL216W	-0.7929
YPL217C	0.0402
YPL218W	1.0273
YPL219W	-0.0414
YPL221W	-0.9964
YPL222W	-0.0482
YPL223C	-0.2153
YPL224C	-0.5049
YPL225W	1.4528
YPL226W	0.2218
YPL227C	-0.1954
YPL228W	0.3236
YPL229W	0.5522
YPL231W	0.5700
YPL232W	0.5019
YPL233W	-0.1070
YPL234C	0.6680
YPL235W	0.9019
YPL236C	-0.5139
YPL237W	2.1024
YPL239W	1.1228
YPL240C	1.2741
YPL241C	-0.3874
YPL242C	-1.0952
YPL243W	0.3249
YPL244C	-1.1061
YPL245W	-0.4344
YPL246C	-0.0773
YPL247C	-0.3812
YPL249C	0.0297
YPL249C-A	3.3437
YPL250C	0.7855
YPL252C	1.7753
YPL253C	-0.6844
YPL254W	-0.4462
YPL255W	-0.9335
YPL256C	-0.3122
YPL257W	-0.1111
YPL259C	-0.3253
YPL260W	0.5883
YPL262W	0.4570
YPL263C	-0.0195
YPL264C	0.0896
YPL265W	0.3856
YPL266W	0.3133
YPL267W	1.0199
YPL268W	-0.9675
YPL269W	-1.1070
YPL270W	-1.1098
YPL271W	1.2451
YPL273W	0.1512
YPL274W	-0.0178
YPR002W	-0.4085
YPR003C	-0.5526
YPR004C	0.0633
YPR005C	-0.8963
YPR006C	0.4901
YPR008W	-0.4549
YPR009W	-1.3257
YPR010C	-0.0086
YPR010C-A	0.9410
YPR011C	-0.6288
YPR013C	-0.8040
YPR016C	0.9822
YPR017C	-0.1619
YPR018W	0.2041
YPR019W	-0.3912
YPR020W	1.3790
YPR021C	-1.0743
YPR022C	-0.8450
YPR023C	-0.2557
YPR024W	-0.3056
YPR025C	0.0368
YPR026W	-0.6726
YPR028W	0.9736
YPR029C	-0.4050
YPR031W	-0.6601
YPR032W	-0.2703
YPR033C	0.8549
YPR034W	0.0512
YPR035W	1.5360
YPR036W	0.8002
YPR036W-A	2.5228
YPR037C	1.2160
YPR040W	0.1444
YPR041W	1.2816
YPR042C	-0.5756
YPR043W	4.2552
YPR045C	-0.0582
YPR046W	-0.1271
YPR047W	-0.4082
YPR048W	-0.4582
YPR049C	-0.6254
YPR051W	2.2415
YPR052C	2.2621
YPR055W	-0.6462
YPR056W	-0.2487
YPR057W	-0.9549
YPR058W	0.9727
YPR060C	0.4951
YPR061C	-0.2669
YPR062W	1.6411
YPR063C	1.3519
YPR065W	0.6576
YPR066W	-0.3231
YPR067W	-0.6886
YPR068C	-0.3172
YPR069C	1.3143
YPR070W	-0.5339
YPR071W	-0.5054
YPR072W	0.2898
YPR073C	1.0070
YPR074C	1.0940
YPR075C	0.2318
YPR079W	0.1769
YPR081C	-0.4916
YPR082C	0.0572
YPR083W	-0.5626
YPR084W	-0.6100
YPR085C	-1.2041
YPR086W	0.0693
YPR088C	0.9164
YPR089W	-0.5407
YPR091C	-0.3788
YPR093C	-0.4978
YPR094W	0.6132
YPR095C	-1.1396
YPR097W	-0.5172
YPR098C	0.3972
YPR100W	2.3819
YPR101W	0.3413
YPR102C	1.7789
YPR103W	0.8518
YPR104C	-0.3885
YPR105C	-1.1928
YPR106W	-0.5827
YPR107C	0.3341
YPR108W	0.8100
YPR109W	-0.9959
YPR110C	0.6695
YPR111W	-0.4025
YPR112C	0.3106
YPR113W	0.4853
YPR114W	-0.3630
YPR115W	-1.6111
YPR116W	-0.6167
YPR118W	0.1328
YPR119W	-0.2240
YPR120C	-0.1951
YPR122W	-1.0317
YPR124W	1.7204
YPR125W	0.8598
YPR127W	-0.2484
YPR128C	-0.2549
YPR129W	1.6135
YPR131C	0.6061
YPR133C	0.6202
YPR133W-A	1.0402
YPR134W	-0.7839
YPR135W	-0.1435
YPR137W	0.9989
YPR138C	-1.4532
YPR139C	-0.3273
YPR140W	-0.6315
YPR141C	-0.1599
YPR143W	2.2788
YPR144C	-0.0712
YPR145W	0.8394
YPR146C	0.7686
YPR147C	-0.1869
YPR148C	0.0066
YPR149W	1.4584
YPR152C	-0.1994
YPR153W	-0.4687
YPR154W	0.7596
YPR155C	-0.2937
YPR156C	0.5461
YPR157W	0.1232
YPR158W	-0.2326
YPR159W	0.0818
YPR160W	0.1320
YPR161C	-0.1964
YPR162C	-0.3179
YPR163C	1.3487
YPR164W	-1.2541
YPR165W	1.3715
YPR166C	1.0211
YPR167C	-0.1847
YPR168W	0.1456
YPR169W	-0.3808
YPR170W-B	2.7975
YPR171W	-0.2731
YPR172W	0.6430
YPR173C	-0.3165
YPR174C	0.2521
YPR175W	-0.3004
YPR176C	0.1013
YPR178W	0.6798
YPR179C	-0.4000
YPR180W	0.3713
YPR181C	0.4700
YPR182W	0.9665
YPR183W	1.4858
YPR184W	-0.6977
YPR185W	-0.4751
YPR186C	-0.3819
YPR187W	0.9391
YPR188C	0.5102
YPR189W	-0.1514
YPR190C	-0.2587
YPR191W	0.4792
YPR196W	-0.7747
YPR198W	0.7900
YPR199C	-0.9719
YPR200C	-1.2468
YPR201W	0.0739
